areaType,areaName,areaCode,date,newPeopleVaccinatedSecondDoseByPublishDate,cumPeopleVaccinatedSecondDoseByPublishDate
nation,England,E92000001,2022-02-05,25454,40755204
nation,England,E92000001,2022-02-04,26493,40729750
nation,England,E92000001,2022-02-03,24026,40703257
nation,England,E92000001,2022-02-02,25034,40679231
nation,England,E92000001,2022-02-01,24192,40654197
nation,England,E92000001,2022-01-31,20875,40630005
nation,England,E92000001,2022-01-30,22711,40609130
nation,England,E92000001,2022-01-29,34382,40586419
nation,England,E92000001,2022-01-28,30250,40552037
nation,England,E92000001,2022-01-27,26326,40521787
nation,England,E92000001,2022-01-26,27307,40495461
nation,England,E92000001,2022-01-25,24300,40468154
nation,England,E92000001,2022-01-24,24288,40443854
nation,England,E92000001,2022-01-23,24326,40419566
nation,England,E92000001,2022-01-22,38632,40395240
nation,England,E92000001,2022-01-21,29798,40356608
nation,England,E92000001,2022-01-20,27069,40326810
nation,England,E92000001,2022-01-19,25720,40299741
nation,England,E92000001,2022-01-18,25145,40274021
nation,England,E92000001,2022-01-17,21951,40248876
nation,England,E92000001,2022-01-16,24095,40226925
nation,England,E92000001,2022-01-15,39142,40202830
nation,England,E92000001,2022-01-14,25243,40163688
nation,England,E92000001,2022-01-13,26550,40138445
nation,England,E92000001,2022-01-12,25076,40111895
nation,England,E92000001,2022-01-11,23179,40086819
nation,England,E92000001,2022-01-10,21442,40063640
nation,England,E92000001,2022-01-09,25539,40042198
nation,England,E92000001,2022-01-08,41351,40016659
nation,England,E92000001,2022-01-07,27800,39975308
nation,England,E92000001,2022-01-06,26799,39947508
nation,England,E92000001,2022-01-05,29779,39920709
nation,England,E92000001,2022-01-04,33056,39890930
nation,England,E92000001,2022-01-03,22166,39857874
nation,England,E92000001,2022-01-02,15604,39835708
nation,England,E92000001,2022-01-01,2684,39820104
nation,England,E92000001,2021-12-31,19266,39817420
nation,England,E92000001,2021-12-30,39755,39798154
nation,England,E92000001,2021-12-29,39346,39758399
nation,England,E92000001,2021-12-28,26626,39719053
nation,England,E92000001,2021-12-27,18686,39692427
nation,England,E92000001,2021-12-26,1991,39673741
nation,England,E92000001,2021-12-25,916,39671750
nation,England,E92000001,2021-12-24,13540,39670834
nation,England,E92000001,2021-12-23,39323,39657294
nation,England,E92000001,2021-12-22,47314,39617971
nation,England,E92000001,2021-12-21,48491,39570657
nation,England,E92000001,2021-12-20,44655,39522166
nation,England,E92000001,2021-12-19,36136,39477511
nation,England,E92000001,2021-12-18,41112,39441375
nation,England,E92000001,2021-12-17,37693,39400263
nation,England,E92000001,2021-12-16,37626,39362570
nation,England,E92000001,2021-12-15,33399,39324944
nation,England,E92000001,2021-12-14,33130,39291545
nation,England,E92000001,2021-12-13,25394,39258415
nation,England,E92000001,2021-12-12,24900,39233021
nation,England,E92000001,2021-12-11,34061,39208121
nation,England,E92000001,2021-12-10,28294,39174060
nation,England,E92000001,2021-12-09,29840,39145766
nation,England,E92000001,2021-12-08,25110,39115926
nation,England,E92000001,2021-12-07,23206,39090816
nation,England,E92000001,2021-12-06,21622,39067610
nation,England,E92000001,2021-12-05,20872,39045988
nation,England,E92000001,2021-12-04,34276,39025116
nation,England,E92000001,2021-12-03,26469,38990840
nation,England,E92000001,2021-12-02,26919,38964371
nation,England,E92000001,2021-12-01,28070,38937452
nation,England,E92000001,2021-11-30,27933,38909382
nation,England,E92000001,2021-11-29,22601,38881449
nation,England,E92000001,2021-11-28,22482,38858848
nation,England,E92000001,2021-11-27,30616,38836366
nation,England,E92000001,2021-11-26,21923,38805750
nation,England,E92000001,2021-11-25,19615,38783827
nation,England,E92000001,2021-11-24,20048,38764212
nation,England,E92000001,2021-11-23,18562,38744164
nation,England,E92000001,2021-11-22,15567,38725602
nation,England,E92000001,2021-11-21,11240,38710035
nation,England,E92000001,2021-11-20,21592,38698795
nation,England,E92000001,2021-11-19,18723,38677203
nation,England,E92000001,2021-11-18,17429,38658480
nation,England,E92000001,2021-11-17,18511,38641051
nation,England,E92000001,2021-11-16,16897,38622540
nation,England,E92000001,2021-11-15,15525,38605643
nation,England,E92000001,2021-11-14,11959,38590118
nation,England,E92000001,2021-11-13,22806,38578159
nation,England,E92000001,2021-11-12,19229,38555353
nation,England,E92000001,2021-11-11,19560,38536124
nation,England,E92000001,2021-11-10,43996,38516564
nation,England,E92000001,2021-11-09,18208,38472568
nation,England,E92000001,2021-11-08,17398,38454360
nation,England,E92000001,2021-11-07,11202,38436962
nation,England,E92000001,2021-11-06,22869,38425760
nation,England,E92000001,2021-11-05,19037,38402891
nation,England,E92000001,2021-11-04,17167,38383854
nation,England,E92000001,2021-11-03,17374,38366687
nation,England,E92000001,2021-11-02,17807,38349313
nation,England,E92000001,2021-11-01,15751,38331506
nation,England,E92000001,2021-10-31,11464,38315755
nation,England,E92000001,2021-10-30,22479,38304291
nation,England,E92000001,2021-10-29,19175,38281812
nation,England,E92000001,2021-10-28,19586,38262637
nation,England,E92000001,2021-10-27,18740,38243051
nation,England,E92000001,2021-10-26,19499,38224311
nation,England,E92000001,2021-10-25,18251,38204812
nation,England,E92000001,2021-10-24,14138,38186561
nation,England,E92000001,2021-10-23,27527,38172423
nation,England,E92000001,2021-10-22,22423,38144896
nation,England,E92000001,2021-10-21,22027,38122473
nation,England,E92000001,2021-10-20,21701,38100446
nation,England,E92000001,2021-10-19,21141,38078745
nation,England,E92000001,2021-10-18,20668,38057604
nation,England,E92000001,2021-10-17,14545,38036936
nation,England,E92000001,2021-10-16,30440,38022391
nation,England,E92000001,2021-10-15,25380,37991951
nation,England,E92000001,2021-10-14,23489,37966571
nation,England,E92000001,2021-10-13,24828,37943082
nation,England,E92000001,2021-10-12,22447,37918254
nation,England,E92000001,2021-10-11,20350,37895807
nation,England,E92000001,2021-10-10,15643,37875457
nation,England,E92000001,2021-10-09,29751,37859814
nation,England,E92000001,2021-10-08,25006,37830063
nation,England,E92000001,2021-10-07,24208,37805057
nation,England,E92000001,2021-10-06,24135,37780849
nation,England,E92000001,2021-10-05,24253,37756714
nation,England,E92000001,2021-10-04,24746,37732461
nation,England,E92000001,2021-10-03,17502,37707715
nation,England,E92000001,2021-10-02,30849,37690213
nation,England,E92000001,2021-10-01,29993,37659364
nation,England,E92000001,2021-09-30,30318,37629371
nation,England,E92000001,2021-09-29,29907,37599053
nation,England,E92000001,2021-09-28,29670,37569146
nation,England,E92000001,2021-09-27,28590,37539476
nation,England,E92000001,2021-09-26,21476,37510886
nation,England,E92000001,2021-09-25,43049,37489410
nation,England,E92000001,2021-09-24,39567,37446361
nation,England,E92000001,2021-09-23,41728,37406794
nation,England,E92000001,2021-09-22,39676,37365066
nation,England,E92000001,2021-09-21,39248,37325390
nation,England,E92000001,2021-09-20,41438,37286142
nation,England,E92000001,2021-09-19,30458,37244704
nation,England,E92000001,2021-09-18,66134,37214246
nation,England,E92000001,2021-09-17,55257,37148112
nation,England,E92000001,2021-09-16,58941,37092855
nation,England,E92000001,2021-09-15,57096,37033914
nation,England,E92000001,2021-09-14,56521,36976818
nation,England,E92000001,2021-09-13,54807,36920297
nation,England,E92000001,2021-09-12,42902,36865490
nation,England,E92000001,2021-09-11,86068,36822588
nation,England,E92000001,2021-09-10,78763,36736520
nation,England,E92000001,2021-09-09,86592,36657757
nation,England,E92000001,2021-09-08,75548,36571165
nation,England,E92000001,2021-09-07,73004,36495617
nation,England,E92000001,2021-09-06,69758,36422613
nation,England,E92000001,2021-09-05,59265,36352855
nation,England,E92000001,2021-09-04,116327,36293590
nation,England,E92000001,2021-09-03,98122,36177263
nation,England,E92000001,2021-09-02,103997,36079141
nation,England,E92000001,2021-09-01,102086,35975144
nation,England,E92000001,2021-08-31,105003,35873058
nation,England,E92000001,2021-08-30,52137,35768055
nation,England,E92000001,2021-08-29,64710,35715918
nation,England,E92000001,2021-08-28,116583,35651208
nation,England,E92000001,2021-08-27,115249,35534625
nation,England,E92000001,2021-08-26,127267,35419376
nation,England,E92000001,2021-08-25,142307,35292109
nation,England,E92000001,2021-08-24,109221,35149802
nation,England,E92000001,2021-08-23,113005,35040581
nation,England,E92000001,2021-08-22,96246,34927576
nation,England,E92000001,2021-08-21,174038,34831330
nation,England,E92000001,2021-08-20,145473,34657292
nation,England,E92000001,2021-08-19,153886,34511819
nation,England,E92000001,2021-08-18,147569,34357933
nation,England,E92000001,2021-08-17,120908,34210364
nation,England,E92000001,2021-08-16,117998,34089456
nation,England,E92000001,2021-08-15,101881,33971458
nation,England,E92000001,2021-08-14,173718,33869577
nation,England,E92000001,2021-08-13,143690,33695859
nation,England,E92000001,2021-08-12,165425,33552169
nation,England,E92000001,2021-08-11,145954,33386744
nation,England,E92000001,2021-08-10,123721,33240790
nation,England,E92000001,2021-08-09,112286,33117069
nation,England,E92000001,2021-08-08,94332,33004783
nation,England,E92000001,2021-08-07,184869,32910451
nation,England,E92000001,2021-08-06,137172,32725582
nation,England,E92000001,2021-08-05,143423,32588410
nation,England,E92000001,2021-08-04,131581,32444987
nation,England,E92000001,2021-08-03,108604,32313406
nation,England,E92000001,2021-08-02,94425,32204802
nation,England,E92000001,2021-08-01,92416,32110377
nation,England,E92000001,2021-07-31,182825,32017961
nation,England,E92000001,2021-07-30,142715,31835136
nation,England,E92000001,2021-07-29,145472,31692421
nation,England,E92000001,2021-07-28,131048,31546949
nation,England,E92000001,2021-07-27,118328,31415901
nation,England,E92000001,2021-07-26,115924,31297573
nation,England,E92000001,2021-07-25,94435,31181649
nation,England,E92000001,2021-07-24,177885,31087214
nation,England,E92000001,2021-07-23,154761,30909329
nation,England,E92000001,2021-07-22,156245,30754568
nation,England,E92000001,2021-07-21,146281,30598323
nation,England,E92000001,2021-07-20,126163,30452042
nation,England,E92000001,2021-07-19,112544,30325879
nation,England,E92000001,2021-07-18,105472,30213335
nation,England,E92000001,2021-07-17,196422,30107863
nation,England,E92000001,2021-07-16,163936,29911441
nation,England,E92000001,2021-07-15,167152,29747505
nation,England,E92000001,2021-07-14,151335,29580353
nation,England,E92000001,2021-07-13,124905,29429018
nation,England,E92000001,2021-07-12,99817,29304113
nation,England,E92000001,2021-07-11,80755,29204296
nation,England,E92000001,2021-07-10,174745,29123541
nation,England,E92000001,2021-07-09,143603,28948796
nation,England,E92000001,2021-07-08,135457,28805193
nation,England,E92000001,2021-07-07,128226,28669736
nation,England,E92000001,2021-07-06,109148,28541510
nation,England,E92000001,2021-07-05,107977,28432362
nation,England,E92000001,2021-07-04,85748,28324385
nation,England,E92000001,2021-07-03,165665,28238637
nation,England,E92000001,2021-07-02,142275,28072972
nation,England,E92000001,2021-07-01,154177,27930697
nation,England,E92000001,2021-06-30,138993,27776520
nation,England,E92000001,2021-06-29,115484,27637527
nation,England,E92000001,2021-06-28,107318,27522043
nation,England,E92000001,2021-06-27,97993,27414725
nation,England,E92000001,2021-06-26,172324,27316732
nation,England,E92000001,2021-06-25,133375,27144408
nation,England,E92000001,2021-06-24,136679,27011033
nation,England,E92000001,2021-06-23,128688,26874354
nation,England,E92000001,2021-06-22,210730,26745666
nation,England,E92000001,2021-06-21,0,26534936
nation,England,E92000001,2021-06-20,78594,26534936
nation,England,E92000001,2021-06-19,195646,26456342
nation,England,E92000001,2021-06-18,162030,26260696
nation,England,E92000001,2021-06-17,176158,26098666
nation,England,E92000001,2021-06-16,180627,25922508
nation,England,E92000001,2021-06-15,175703,25741881
nation,England,E92000001,2021-06-14,174262,25566178
nation,England,E92000001,2021-06-13,153449,25391916
nation,England,E92000001,2021-06-12,276813,25238467
nation,England,E92000001,2021-06-11,251641,24961654
nation,England,E92000001,2021-06-10,248650,24710013
nation,England,E92000001,2021-06-09,253913,24461363
nation,England,E92000001,2021-06-08,252697,24207450
nation,England,E92000001,2021-06-07,244107,23954753
nation,England,E92000001,2021-06-06,217491,23710646
nation,England,E92000001,2021-06-05,415644,23493155
nation,England,E92000001,2021-06-04,321602,23077511
nation,England,E92000001,2021-06-03,313526,22755909
nation,England,E92000001,2021-06-02,288963,22442383
nation,England,E92000001,2021-06-01,279285,22153420
nation,England,E92000001,2021-05-31,154674,21874135
nation,England,E92000001,2021-05-30,179424,21719461
nation,England,E92000001,2021-05-29,381816,21540037
nation,England,E92000001,2021-05-28,380855,21158221
nation,England,E92000001,2021-05-27,374042,20777366
nation,England,E92000001,2021-05-26,368554,20403324
nation,England,E92000001,2021-05-25,327467,20034770
nation,England,E92000001,2021-05-24,279672,19707303
nation,England,E92000001,2021-05-23,220062,19427631
nation,England,E92000001,2021-05-22,508013,19207569
nation,England,E92000001,2021-05-21,371460,18699556
nation,England,E92000001,2021-05-20,367142,18328096
nation,England,E92000001,2021-05-19,309020,17960954
nation,England,E92000001,2021-05-18,269283,17651934
nation,England,E92000001,2021-05-17,210442,17382651
nation,England,E92000001,2021-05-16,157687,17172209
nation,England,E92000001,2021-05-15,353764,17014522
nation,England,E92000001,2021-05-14,346425,16660758
nation,England,E92000001,2021-05-13,378650,16314333
nation,England,E92000001,2021-05-12,402524,15935683
nation,England,E92000001,2021-05-11,308915,15533159
nation,England,E92000001,2021-05-10,192723,15224244
nation,England,E92000001,2021-05-09,160313,15031521
nation,England,E92000001,2021-05-08,404510,14871208
nation,England,E92000001,2021-05-07,414731,14466698
nation,England,E92000001,2021-05-06,419232,14051967
nation,England,E92000001,2021-05-05,348553,13632735
nation,England,E92000001,2021-05-04,211639,13284182
nation,England,E92000001,2021-05-03,99785,13072543
nation,England,E92000001,2021-05-02,137400,12972758
nation,England,E92000001,2021-05-01,329170,12835358
nation,England,E92000001,2021-04-30,361758,12506188
nation,England,E92000001,2021-04-29,395043,12144430
nation,England,E92000001,2021-04-28,394152,11749387
nation,England,E92000001,2021-04-27,313616,11355235
nation,England,E92000001,2021-04-26,249768,11041619
nation,England,E92000001,2021-04-25,227159,10791851
nation,England,E92000001,2021-04-24,478008,10564692
nation,England,E92000001,2021-04-23,394144,10086684
nation,England,E92000001,2021-04-22,345675,9692540
nation,England,E92000001,2021-04-21,339773,9346865
nation,England,E92000001,2021-04-20,272929,9007092
nation,England,E92000001,2021-04-19,215665,8734163
nation,England,E92000001,2021-04-18,195871,8518498
nation,England,E92000001,2021-04-17,458880,8322627
nation,England,E92000001,2021-04-16,446025,7863747
nation,England,E92000001,2021-04-15,363002,7417722
nation,England,E92000001,2021-04-14,292383,7054720
nation,England,E92000001,2021-04-13,257732,6762337
nation,England,E92000001,2021-04-12,166273,6504605
nation,England,E92000001,2021-04-11,160454,6338332
nation,England,E92000001,2021-04-10,437442,6177878
nation,England,E92000001,2021-04-09,404206,5740436
nation,England,E92000001,2021-04-08,403212,5336230
nation,England,E92000001,2021-04-07,372241,4933018
nation,England,E92000001,2021-04-06,162466,4560777
nation,England,E92000001,2021-04-05,54060,4398311
nation,England,E92000001,2021-04-04,39491,4344251
nation,England,E92000001,2021-04-03,157903,4304760
nation,England,E92000001,2021-04-02,215754,4146857
nation,England,E92000001,2021-04-01,411998,3931103
nation,England,E92000001,2021-03-31,341748,3519105
nation,England,E92000001,2021-03-30,233828,3177357
nation,England,E92000001,2021-03-29,137405,2943529
nation,England,E92000001,2021-03-28,127078,2806124
nation,England,E92000001,2021-03-27,201335,2679046
nation,England,E92000001,2021-03-26,250962,2477711
nation,England,E92000001,2021-03-25,198206,2226749
nation,England,E92000001,2021-03-24,208013,2028543
nation,England,E92000001,2021-03-23,134547,1820530
nation,England,E92000001,2021-03-22,64436,1685983
nation,England,E92000001,2021-03-21,30418,1621547
nation,England,E92000001,2021-03-20,70449,1591129
nation,England,E92000001,2021-03-19,100730,1520680
nation,England,E92000001,2021-03-18,104609,1419950
nation,England,E92000001,2021-03-17,90906,1315341
nation,England,E92000001,2021-03-16,62909,1224435
nation,England,E92000001,2021-03-15,32082,1161526
nation,England,E92000001,2021-03-14,14378,1129444
nation,England,E92000001,2021-03-13,38640,1115066
nation,England,E92000001,2021-03-12,67514,1076426
nation,England,E92000001,2021-03-11,69680,1008912
nation,England,E92000001,2021-03-10,70960,939232
nation,England,E92000001,2021-03-09,47151,868272
nation,England,E92000001,2021-03-08,23800,821121
nation,England,E92000001,2021-03-07,9133,797321
nation,England,E92000001,2021-03-06,21688,788188
nation,England,E92000001,2021-03-05,37235,766500
nation,England,E92000001,2021-03-04,45045,729265
nation,England,E92000001,2021-03-03,44001,684220
nation,England,E92000001,2021-03-02,27652,640219
nation,England,E92000001,2021-03-01,12632,612567
nation,England,E92000001,2021-02-28,9388,599935
nation,England,E92000001,2021-02-27,15584,590547
nation,England,E92000001,2021-02-26,16226,574963
nation,England,E92000001,2021-02-25,16168,558737
nation,England,E92000001,2021-02-24,14209,542569
nation,England,E92000001,2021-02-23,9581,528360
nation,England,E92000001,2021-02-22,5344,518779
nation,England,E92000001,2021-02-21,2346,513435
nation,England,E92000001,2021-02-20,2432,511089
nation,England,E92000001,2021-02-19,3895,508657
nation,England,E92000001,2021-02-18,4561,504762
nation,England,E92000001,2021-02-17,4497,500201
nation,England,E92000001,2021-02-16,3128,495704
nation,England,E92000001,2021-02-15,1854,492576
nation,England,E92000001,2021-02-14,837,490722
nation,England,E92000001,2021-02-13,2186,489885
nation,England,E92000001,2021-02-12,3733,487699
nation,England,E92000001,2021-02-11,4646,483966
nation,England,E92000001,2021-02-10,4092,479320
nation,England,E92000001,2021-02-09,2173,475228
nation,England,E92000001,2021-02-08,1419,473055
nation,England,E92000001,2021-02-07,312,471636
nation,England,E92000001,2021-02-06,601,471324
nation,England,E92000001,2021-02-05,1941,470723
nation,England,E92000001,2021-02-04,2611,468782
nation,England,E92000001,2021-02-03,2282,466171
nation,England,E92000001,2021-02-02,1386,463889
nation,England,E92000001,2021-02-01,1596,462503
nation,England,E92000001,2021-01-31,2757,460907
nation,England,E92000001,2021-01-30,10252,458150
nation,England,E92000001,2021-01-29,1526,447898
nation,England,E92000001,2021-01-28,1271,446372
nation,England,E92000001,2021-01-27,1090,445101
nation,England,E92000001,2021-01-26,1001,444011
nation,England,E92000001,2021-01-25,1326,443010
nation,England,E92000001,2021-01-24,610,441684
nation,England,E92000001,2021-01-23,774,441074
nation,England,E92000001,2021-01-22,1118,440300
nation,England,E92000001,2021-01-21,2334,439182
nation,England,E92000001,2021-01-20,2723,436848
nation,England,E92000001,2021-01-19,2989,434125
nation,England,E92000001,2021-01-18,3750,431136
nation,England,E92000001,2021-01-17,1284,427386
nation,England,E92000001,2021-01-16,1775,426102
nation,England,E92000001,2021-01-15,3817,424327
nation,England,E92000001,2021-01-14,4854,420510
nation,England,E92000001,2021-01-13,8362,415656
nation,England,E92000001,2021-01-12,13369,407294
nation,England,E92000001,2021-01-11,19312,393925
nation,England,E92000001,2021-01-10,,374613
nation,Northern Ireland,N92000002,2022-02-05,549,1315115
nation,Northern Ireland,N92000002,2022-02-04,395,1314566
nation,Northern Ireland,N92000002,2022-02-03,434,1314171
nation,Northern Ireland,N92000002,2022-02-02,436,1313737
nation,Northern Ireland,N92000002,2022-02-01,248,1313301
nation,Northern Ireland,N92000002,2022-01-31,262,1313053
nation,Northern Ireland,N92000002,2022-01-30,439,1312791
nation,Northern Ireland,N92000002,2022-01-29,701,1312352
nation,Northern Ireland,N92000002,2022-01-28,451,1311651
nation,Northern Ireland,N92000002,2022-01-27,649,1311200
nation,Northern Ireland,N92000002,2022-01-26,601,1310551
nation,Northern Ireland,N92000002,2022-01-25,427,1309950
nation,Northern Ireland,N92000002,2022-01-24,347,1309523
nation,Northern Ireland,N92000002,2022-01-23,693,1309176
nation,Northern Ireland,N92000002,2022-01-22,659,1308483
nation,Northern Ireland,N92000002,2022-01-21,698,1307824
nation,Northern Ireland,N92000002,2022-01-20,557,1307126
nation,Northern Ireland,N92000002,2022-01-19,630,1306569
nation,Northern Ireland,N92000002,2022-01-18,503,1305939
nation,Northern Ireland,N92000002,2022-01-17,501,1305436
nation,Northern Ireland,N92000002,2022-01-16,509,1304935
nation,Northern Ireland,N92000002,2022-01-15,567,1304426
nation,Northern Ireland,N92000002,2022-01-14,474,1303859
nation,Northern Ireland,N92000002,2022-01-13,634,1303385
nation,Northern Ireland,N92000002,2022-01-12,438,1302751
nation,Northern Ireland,N92000002,2022-01-11,425,1302313
nation,Northern Ireland,N92000002,2022-01-10,402,1301888
nation,Northern Ireland,N92000002,2022-01-09,606,1301486
nation,Northern Ireland,N92000002,2022-01-08,0,1300880
nation,Northern Ireland,N92000002,2022-01-07,539,1300880
nation,Northern Ireland,N92000002,2022-01-06,629,1300341
nation,Northern Ireland,N92000002,2022-01-05,1801,1299712
nation,Northern Ireland,N92000002,2022-01-04,609,1297911
nation,Northern Ireland,N92000002,2022-01-03,421,1297302
nation,Northern Ireland,N92000002,2022-01-02,283,1296881
nation,Northern Ireland,N92000002,2022-01-01,68,1296598
nation,Northern Ireland,N92000002,2021-12-31,161,1296530
nation,Northern Ireland,N92000002,2021-12-30,496,1296369
nation,Northern Ireland,N92000002,2021-12-29,558,1295873
nation,Northern Ireland,N92000002,2021-12-28,432,1295315
nation,Northern Ireland,N92000002,2021-12-27,279,1294883
nation,Northern Ireland,N92000002,2021-12-26,93,1294604
nation,Northern Ireland,N92000002,2021-12-25,1,1294511
nation,Northern Ireland,N92000002,2021-12-24,23,1294510
nation,Northern Ireland,N92000002,2021-12-23,483,1294487
nation,Northern Ireland,N92000002,2021-12-22,863,1294004
nation,Northern Ireland,N92000002,2021-12-21,1030,1293141
nation,Northern Ireland,N92000002,2021-12-20,1123,1292111
nation,Northern Ireland,N92000002,2021-12-19,610,1290988
nation,Northern Ireland,N92000002,2021-12-18,569,1290378
nation,Northern Ireland,N92000002,2021-12-17,872,1289809
nation,Northern Ireland,N92000002,2021-12-16,1350,1288937
nation,Northern Ireland,N92000002,2021-12-15,1186,1287587
nation,Northern Ireland,N92000002,2021-12-14,835,1286401
nation,Northern Ireland,N92000002,2021-12-13,1216,1285566
nation,Northern Ireland,N92000002,2021-12-12,591,1284350
nation,Northern Ireland,N92000002,2021-12-11,539,1283759
nation,Northern Ireland,N92000002,2021-12-10,847,1283220
nation,Northern Ireland,N92000002,2021-12-09,973,1282373
nation,Northern Ireland,N92000002,2021-12-08,1050,1281400
nation,Northern Ireland,N92000002,2021-12-07,894,1280350
nation,Northern Ireland,N92000002,2021-12-06,1051,1279456
nation,Northern Ireland,N92000002,2021-12-05,2215,1278405
nation,Northern Ireland,N92000002,2021-12-04,0,1276190
nation,Northern Ireland,N92000002,2021-12-03,749,1276190
nation,Northern Ireland,N92000002,2021-12-02,1395,1275441
nation,Northern Ireland,N92000002,2021-12-01,1262,1274046
nation,Northern Ireland,N92000002,2021-11-30,1294,1272784
nation,Northern Ireland,N92000002,2021-11-29,1304,1271490
nation,Northern Ireland,N92000002,2021-11-28,3819,1270186
nation,Northern Ireland,N92000002,2021-11-27,0,1266367
nation,Northern Ireland,N92000002,2021-11-26,0,1266367
nation,Northern Ireland,N92000002,2021-11-25,1286,1266367
nation,Northern Ireland,N92000002,2021-11-24,1316,1265081
nation,Northern Ireland,N92000002,2021-11-23,1173,1263765
nation,Northern Ireland,N92000002,2021-11-22,1144,1262592
nation,Northern Ireland,N92000002,2021-11-21,740,1261448
nation,Northern Ireland,N92000002,2021-11-20,434,1260708
nation,Northern Ireland,N92000002,2021-11-19,702,1260274
nation,Northern Ireland,N92000002,2021-11-18,940,1259572
nation,Northern Ireland,N92000002,2021-11-17,1227,1258632
nation,Northern Ireland,N92000002,2021-11-16,896,1257405
nation,Northern Ireland,N92000002,2021-11-15,864,1256509
nation,Northern Ireland,N92000002,2021-11-14,537,1255645
nation,Northern Ireland,N92000002,2021-11-13,297,1255108
nation,Northern Ireland,N92000002,2021-11-12,666,1254811
nation,Northern Ireland,N92000002,2021-11-11,1332,1254145
nation,Northern Ireland,N92000002,2021-11-10,1084,1252813
nation,Northern Ireland,N92000002,2021-11-09,879,1251729
nation,Northern Ireland,N92000002,2021-11-08,1131,1250850
nation,Northern Ireland,N92000002,2021-11-07,800,1249719
nation,Northern Ireland,N92000002,2021-11-06,364,1248919
nation,Northern Ireland,N92000002,2021-11-05,989,1248555
nation,Northern Ireland,N92000002,2021-11-04,1247,1247566
nation,Northern Ireland,N92000002,2021-11-03,547,1246319
nation,Northern Ireland,N92000002,2021-11-02,852,1245772
nation,Northern Ireland,N92000002,2021-11-01,844,1244920
nation,Northern Ireland,N92000002,2021-10-31,435,1244076
nation,Northern Ireland,N92000002,2021-10-30,550,1243641
nation,Northern Ireland,N92000002,2021-10-29,673,1243091
nation,Northern Ireland,N92000002,2021-10-28,734,1242418
nation,Northern Ireland,N92000002,2021-10-27,863,1241684
nation,Northern Ireland,N92000002,2021-10-26,835,1240821
nation,Northern Ireland,N92000002,2021-10-25,773,1239986
nation,Northern Ireland,N92000002,2021-10-24,607,1239213
nation,Northern Ireland,N92000002,2021-10-23,530,1238606
nation,Northern Ireland,N92000002,2021-10-22,961,1238076
nation,Northern Ireland,N92000002,2021-10-21,1873,1237115
nation,Northern Ireland,N92000002,2021-10-20,1315,1235242
nation,Northern Ireland,N92000002,2021-10-19,8677,1233927
nation,Northern Ireland,N92000002,2021-10-18,440,1225250
nation,Northern Ireland,N92000002,2021-10-17,351,1224810
nation,Northern Ireland,N92000002,2021-10-16,660,1224459
nation,Northern Ireland,N92000002,2021-10-15,702,1223799
nation,Northern Ireland,N92000002,2021-10-14,1312,1223097
nation,Northern Ireland,N92000002,2021-10-13,740,1221785
nation,Northern Ireland,N92000002,2021-10-12,1085,1221045
nation,Northern Ireland,N92000002,2021-10-11,862,1219960
nation,Northern Ireland,N92000002,2021-10-10,589,1219098
nation,Northern Ireland,N92000002,2021-10-09,944,1218509
nation,Northern Ireland,N92000002,2021-10-08,1001,1217565
nation,Northern Ireland,N92000002,2021-10-07,1253,1216564
nation,Northern Ireland,N92000002,2021-10-06,847,1215311
nation,Northern Ireland,N92000002,2021-10-05,1340,1214464
nation,Northern Ireland,N92000002,2021-10-04,1438,1213124
nation,Northern Ireland,N92000002,2021-10-03,1228,1211686
nation,Northern Ireland,N92000002,2021-10-02,897,1210458
nation,Northern Ireland,N92000002,2021-10-01,896,1209561
nation,Northern Ireland,N92000002,2021-09-30,864,1208665
nation,Northern Ireland,N92000002,2021-09-29,882,1207801
nation,Northern Ireland,N92000002,2021-09-28,757,1206919
nation,Northern Ireland,N92000002,2021-09-27,1120,1206162
nation,Northern Ireland,N92000002,2021-09-26,604,1205042
nation,Northern Ireland,N92000002,2021-09-25,432,1204438
nation,Northern Ireland,N92000002,2021-09-24,342,1204006
nation,Northern Ireland,N92000002,2021-09-23,547,1203664
nation,Northern Ireland,N92000002,2021-09-22,806,1203117
nation,Northern Ireland,N92000002,2021-09-21,654,1202311
nation,Northern Ireland,N92000002,2021-09-20,583,1201657
nation,Northern Ireland,N92000002,2021-09-19,468,1201074
nation,Northern Ireland,N92000002,2021-09-18,170,1200606
nation,Northern Ireland,N92000002,2021-09-17,530,1200436
nation,Northern Ireland,N92000002,2021-09-16,741,1199906
nation,Northern Ireland,N92000002,2021-09-15,569,1199165
nation,Northern Ireland,N92000002,2021-09-14,1091,1198596
nation,Northern Ireland,N92000002,2021-09-13,1505,1197505
nation,Northern Ireland,N92000002,2021-09-12,1131,1196000
nation,Northern Ireland,N92000002,2021-09-11,2226,1194869
nation,Northern Ireland,N92000002,2021-09-10,4116,1192643
nation,Northern Ireland,N92000002,2021-09-09,3540,1188527
nation,Northern Ireland,N92000002,2021-09-08,3500,1184987
nation,Northern Ireland,N92000002,2021-09-07,4169,1181487
nation,Northern Ireland,N92000002,2021-09-06,3297,1177318
nation,Northern Ireland,N92000002,2021-09-05,2891,1174021
nation,Northern Ireland,N92000002,2021-09-04,1647,1171130
nation,Northern Ireland,N92000002,2021-09-03,1909,1169483
nation,Northern Ireland,N92000002,2021-09-02,2252,1167574
nation,Northern Ireland,N92000002,2021-09-01,1760,1165322
nation,Northern Ireland,N92000002,2021-08-31,2129,1163562
nation,Northern Ireland,N92000002,2021-08-30,1677,1161433
nation,Northern Ireland,N92000002,2021-08-29,1407,1159756
nation,Northern Ireland,N92000002,2021-08-28,1175,1158349
nation,Northern Ireland,N92000002,2021-08-27,1616,1157174
nation,Northern Ireland,N92000002,2021-08-26,2436,1155558
nation,Northern Ireland,N92000002,2021-08-25,2999,1153122
nation,Northern Ireland,N92000002,2021-08-24,2382,1150123
nation,Northern Ireland,N92000002,2021-08-23,1725,1147741
nation,Northern Ireland,N92000002,2021-08-22,2310,1146016
nation,Northern Ireland,N92000002,2021-08-21,2783,1143706
nation,Northern Ireland,N92000002,2021-08-20,4021,1140923
nation,Northern Ireland,N92000002,2021-08-19,3956,1136902
nation,Northern Ireland,N92000002,2021-08-18,3862,1132946
nation,Northern Ireland,N92000002,2021-08-17,5148,1129084
nation,Northern Ireland,N92000002,2021-08-16,3749,1123936
nation,Northern Ireland,N92000002,2021-08-15,3506,1120187
nation,Northern Ireland,N92000002,2021-08-14,2737,1116681
nation,Northern Ireland,N92000002,2021-08-13,4251,1113944
nation,Northern Ireland,N92000002,2021-08-12,4788,1109693
nation,Northern Ireland,N92000002,2021-08-11,4669,1104905
nation,Northern Ireland,N92000002,2021-08-10,5249,1100236
nation,Northern Ireland,N92000002,2021-08-09,5765,1094987
nation,Northern Ireland,N92000002,2021-08-08,4959,1089222
nation,Northern Ireland,N92000002,2021-08-07,4438,1084263
nation,Northern Ireland,N92000002,2021-08-06,6483,1079825
nation,Northern Ireland,N92000002,2021-08-05,4482,1073342
nation,Northern Ireland,N92000002,2021-08-04,6063,1068860
nation,Northern Ireland,N92000002,2021-08-03,6519,1062797
nation,Northern Ireland,N92000002,2021-08-02,7683,1056278
nation,Northern Ireland,N92000002,2021-08-01,4686,1048595
nation,Northern Ireland,N92000002,2021-07-31,3644,1043909
nation,Northern Ireland,N92000002,2021-07-30,3903,1040265
nation,Northern Ireland,N92000002,2021-07-29,5855,1036362
nation,Northern Ireland,N92000002,2021-07-28,7861,1030507
nation,Northern Ireland,N92000002,2021-07-27,5955,1022646
nation,Northern Ireland,N92000002,2021-07-26,5220,1016691
nation,Northern Ireland,N92000002,2021-07-25,2565,1011471
nation,Northern Ireland,N92000002,2021-07-24,2181,1008906
nation,Northern Ireland,N92000002,2021-07-23,3091,1006725
nation,Northern Ireland,N92000002,2021-07-22,1965,1003634
nation,Northern Ireland,N92000002,2021-07-21,6176,1001669
nation,Northern Ireland,N92000002,2021-07-20,6835,995493
nation,Northern Ireland,N92000002,2021-07-19,6096,988658
nation,Northern Ireland,N92000002,2021-07-18,3975,982562
nation,Northern Ireland,N92000002,2021-07-17,4589,978587
nation,Northern Ireland,N92000002,2021-07-16,10466,973998
nation,Northern Ireland,N92000002,2021-07-15,6296,963532
nation,Northern Ireland,N92000002,2021-07-14,7091,957236
nation,Northern Ireland,N92000002,2021-07-13,6367,950145
nation,Northern Ireland,N92000002,2021-07-12,1764,943778
nation,Northern Ireland,N92000002,2021-07-11,3537,942014
nation,Northern Ireland,N92000002,2021-07-10,5514,938477
nation,Northern Ireland,N92000002,2021-07-09,6108,932963
nation,Northern Ireland,N92000002,2021-07-08,6777,926855
nation,Northern Ireland,N92000002,2021-07-07,7828,920078
nation,Northern Ireland,N92000002,2021-07-06,7643,912250
nation,Northern Ireland,N92000002,2021-07-05,7398,904607
nation,Northern Ireland,N92000002,2021-07-04,6874,897209
nation,Northern Ireland,N92000002,2021-07-03,6471,890335
nation,Northern Ireland,N92000002,2021-07-02,6462,883864
nation,Northern Ireland,N92000002,2021-07-01,6186,877402
nation,Northern Ireland,N92000002,2021-06-30,8284,871216
nation,Northern Ireland,N92000002,2021-06-29,7196,862932
nation,Northern Ireland,N92000002,2021-06-28,5732,855736
nation,Northern Ireland,N92000002,2021-06-27,4378,850004
nation,Northern Ireland,N92000002,2021-06-26,3960,845626
nation,Northern Ireland,N92000002,2021-06-25,5502,841666
nation,Northern Ireland,N92000002,2021-06-24,5658,836164
nation,Northern Ireland,N92000002,2021-06-23,6598,830506
nation,Northern Ireland,N92000002,2021-06-22,6730,823908
nation,Northern Ireland,N92000002,2021-06-21,6773,817178
nation,Northern Ireland,N92000002,2021-06-20,7021,810405
nation,Northern Ireland,N92000002,2021-06-19,5990,803384
nation,Northern Ireland,N92000002,2021-06-18,7323,797394
nation,Northern Ireland,N92000002,2021-06-17,7502,790071
nation,Northern Ireland,N92000002,2021-06-16,9636,782569
nation,Northern Ireland,N92000002,2021-06-15,10509,772933
nation,Northern Ireland,N92000002,2021-06-14,12068,762424
nation,Northern Ireland,N92000002,2021-06-13,0,750356
nation,Northern Ireland,N92000002,2021-06-12,536,750356
nation,Northern Ireland,N92000002,2021-06-11,6418,749820
nation,Northern Ireland,N92000002,2021-06-10,7212,743402
nation,Northern Ireland,N92000002,2021-06-09,8190,736190
nation,Northern Ireland,N92000002,2021-06-08,8200,728000
nation,Northern Ireland,N92000002,2021-06-07,9679,719800
nation,Northern Ireland,N92000002,2021-06-06,6539,710121
nation,Northern Ireland,N92000002,2021-06-05,4264,703582
nation,Northern Ireland,N92000002,2021-06-04,7112,699318
nation,Northern Ireland,N92000002,2021-06-03,7808,692206
nation,Northern Ireland,N92000002,2021-06-02,8823,684398
nation,Northern Ireland,N92000002,2021-06-01,8618,675575
nation,Northern Ireland,N92000002,2021-05-31,5467,666957
nation,Northern Ireland,N92000002,2021-05-30,3333,661490
nation,Northern Ireland,N92000002,2021-05-29,3533,658157
nation,Northern Ireland,N92000002,2021-05-28,6106,654624
nation,Northern Ireland,N92000002,2021-05-27,8635,648518
nation,Northern Ireland,N92000002,2021-05-26,9713,639883
nation,Northern Ireland,N92000002,2021-05-25,9406,630170
nation,Northern Ireland,N92000002,2021-05-24,8700,620764
nation,Northern Ireland,N92000002,2021-05-23,5852,612064
nation,Northern Ireland,N92000002,2021-05-22,3909,606212
nation,Northern Ireland,N92000002,2021-05-21,9338,602303
nation,Northern Ireland,N92000002,2021-05-20,8988,592965
nation,Northern Ireland,N92000002,2021-05-19,8918,583977
nation,Northern Ireland,N92000002,2021-05-18,7942,575059
nation,Northern Ireland,N92000002,2021-05-17,7890,567117
nation,Northern Ireland,N92000002,2021-05-16,6796,559227
nation,Northern Ireland,N92000002,2021-05-15,6156,552431
nation,Northern Ireland,N92000002,2021-05-14,8932,546275
nation,Northern Ireland,N92000002,2021-05-13,11152,537343
nation,Northern Ireland,N92000002,2021-05-12,11176,526191
nation,Northern Ireland,N92000002,2021-05-11,11928,515015
nation,Northern Ireland,N92000002,2021-05-10,9534,503087
nation,Northern Ireland,N92000002,2021-05-09,5725,493553
nation,Northern Ireland,N92000002,2021-05-08,5931,487828
nation,Northern Ireland,N92000002,2021-05-07,8395,481897
nation,Northern Ireland,N92000002,2021-05-06,13739,473502
nation,Northern Ireland,N92000002,2021-05-05,13454,459763
nation,Northern Ireland,N92000002,2021-05-04,9422,446309
nation,Northern Ireland,N92000002,2021-05-03,5014,436887
nation,Northern Ireland,N92000002,2021-05-02,4997,431873
nation,Northern Ireland,N92000002,2021-05-01,4642,426876
nation,Northern Ireland,N92000002,2021-04-30,4697,422234
nation,Northern Ireland,N92000002,2021-04-29,40235,417537
nation,Northern Ireland,N92000002,2021-04-28,9833,377302
nation,Northern Ireland,N92000002,2021-04-27,11066,367469
nation,Northern Ireland,N92000002,2021-04-26,9369,356403
nation,Northern Ireland,N92000002,2021-04-25,4839,347034
nation,Northern Ireland,N92000002,2021-04-24,3786,342195
nation,Northern Ireland,N92000002,2021-04-23,10043,338409
nation,Northern Ireland,N92000002,2021-04-22,16516,328366
nation,Northern Ireland,N92000002,2021-04-21,13293,311850
nation,Northern Ireland,N92000002,2021-04-20,15079,298557
nation,Northern Ireland,N92000002,2021-04-19,9859,283478
nation,Northern Ireland,N92000002,2021-04-18,5278,273619
nation,Northern Ireland,N92000002,2021-04-17,5424,268341
nation,Northern Ireland,N92000002,2021-04-16,12443,262917
nation,Northern Ireland,N92000002,2021-04-15,13193,250474
nation,Northern Ireland,N92000002,2021-04-14,13152,237281
nation,Northern Ireland,N92000002,2021-04-13,13659,224129
nation,Northern Ireland,N92000002,2021-04-12,10970,210470
nation,Northern Ireland,N92000002,2021-04-11,4890,199500
nation,Northern Ireland,N92000002,2021-04-10,4913,194610
nation,Northern Ireland,N92000002,2021-04-09,7883,189697
nation,Northern Ireland,N92000002,2021-04-08,8042,181814
nation,Northern Ireland,N92000002,2021-04-07,5849,173772
nation,Northern Ireland,N92000002,2021-04-06,2549,167923
nation,Northern Ireland,N92000002,2021-04-05,1556,165374
nation,Northern Ireland,N92000002,2021-04-04,1335,163818
nation,Northern Ireland,N92000002,2021-04-03,2221,162483
nation,Northern Ireland,N92000002,2021-04-02,6808,160262
nation,Northern Ireland,N92000002,2021-04-01,7701,153454
nation,Northern Ireland,N92000002,2021-03-31,7267,145753
nation,Northern Ireland,N92000002,2021-03-30,6464,138486
nation,Northern Ireland,N92000002,2021-03-29,7005,132022
nation,Northern Ireland,N92000002,2021-03-28,1565,125017
nation,Northern Ireland,N92000002,2021-03-27,3103,123452
nation,Northern Ireland,N92000002,2021-03-26,6712,120349
nation,Northern Ireland,N92000002,2021-03-25,8730,113637
nation,Northern Ireland,N92000002,2021-03-24,8653,104907
nation,Northern Ireland,N92000002,2021-03-23,7571,96254
nation,Northern Ireland,N92000002,2021-03-22,0,88683
nation,Northern Ireland,N92000002,2021-03-21,10187,88683
nation,Northern Ireland,N92000002,2021-03-20,3183,78496
nation,Northern Ireland,N92000002,2021-03-19,4604,75313
nation,Northern Ireland,N92000002,2021-03-18,3507,70709
nation,Northern Ireland,N92000002,2021-03-17,3256,67202
nation,Northern Ireland,N92000002,2021-03-16,5701,63946
nation,Northern Ireland,N92000002,2021-03-15,3609,58245
nation,Northern Ireland,N92000002,2021-03-14,2229,54636
nation,Northern Ireland,N92000002,2021-03-13,2355,52407
nation,Northern Ireland,N92000002,2021-03-12,652,50052
nation,Northern Ireland,N92000002,2021-03-11,452,49400
nation,Northern Ireland,N92000002,2021-03-10,2021,48948
nation,Northern Ireland,N92000002,2021-03-09,2333,46927
nation,Northern Ireland,N92000002,2021-03-08,1743,44594
nation,Northern Ireland,N92000002,2021-03-07,621,42851
nation,Northern Ireland,N92000002,2021-03-06,134,42230
nation,Northern Ireland,N92000002,2021-03-05,309,42096
nation,Northern Ireland,N92000002,2021-03-04,1648,41787
nation,Northern Ireland,N92000002,2021-03-03,2277,40139
nation,Northern Ireland,N92000002,2021-03-02,2492,37862
nation,Northern Ireland,N92000002,2021-03-01,2173,35370
nation,Northern Ireland,N92000002,2021-02-28,532,33197
nation,Northern Ireland,N92000002,2021-02-27,49,32665
nation,Northern Ireland,N92000002,2021-02-26,718,32616
nation,Northern Ireland,N92000002,2021-02-25,261,31898
nation,Northern Ireland,N92000002,2021-02-24,292,31637
nation,Northern Ireland,N92000002,2021-02-23,268,31345
nation,Northern Ireland,N92000002,2021-02-22,281,31077
nation,Northern Ireland,N92000002,2021-02-21,0,30796
nation,Northern Ireland,N92000002,2021-02-20,54,30807
nation,Northern Ireland,N92000002,2021-02-19,372,30753
nation,Northern Ireland,N92000002,2021-02-18,369,30381
nation,Northern Ireland,N92000002,2021-02-17,536,30012
nation,Northern Ireland,N92000002,2021-02-16,275,29476
nation,Northern Ireland,N92000002,2021-02-15,196,29201
nation,Northern Ireland,N92000002,2021-02-14,29,29005
nation,Northern Ireland,N92000002,2021-02-13,39,28976
nation,Northern Ireland,N92000002,2021-02-12,385,28937
nation,Northern Ireland,N92000002,2021-02-11,415,28552
nation,Northern Ireland,N92000002,2021-02-10,365,28137
nation,Northern Ireland,N92000002,2021-02-09,183,27772
nation,Northern Ireland,N92000002,2021-02-08,126,27589
nation,Northern Ireland,N92000002,2021-02-07,256,27463
nation,Northern Ireland,N92000002,2021-02-06,676,27207
nation,Northern Ireland,N92000002,2021-02-05,484,26531
nation,Northern Ireland,N92000002,2021-02-04,508,26047
nation,Northern Ireland,N92000002,2021-02-03,384,25539
nation,Northern Ireland,N92000002,2021-02-02,273,25155
nation,Northern Ireland,N92000002,2021-02-01,270,24882
nation,Northern Ireland,N92000002,2021-01-31,289,24612
nation,Northern Ireland,N92000002,2021-01-30,177,24323
nation,Northern Ireland,N92000002,2021-01-29,76,24146
nation,Northern Ireland,N92000002,2021-01-28,143,24070
nation,Northern Ireland,N92000002,2021-01-27,1017,23927
nation,Northern Ireland,N92000002,2021-01-26,115,22910
nation,Northern Ireland,N92000002,2021-01-25,82,22795
nation,Northern Ireland,N92000002,2021-01-24,26,22713
nation,Northern Ireland,N92000002,2021-01-23,27,22687
nation,Northern Ireland,N92000002,2021-01-22,150,22660
nation,Northern Ireland,N92000002,2021-01-21,184,22510
nation,Northern Ireland,N92000002,2021-01-20,366,22326
nation,Northern Ireland,N92000002,2021-01-19,381,21960
nation,Northern Ireland,N92000002,2021-01-18,563,21579
nation,Northern Ireland,N92000002,2021-01-17,842,21016
nation,Northern Ireland,N92000002,2021-01-16,700,20174
nation,Northern Ireland,N92000002,2021-01-15,210,19474
nation,Northern Ireland,N92000002,2021-01-14,254,19264
nation,Northern Ireland,N92000002,2021-01-13,1170,19010
nation,Northern Ireland,N92000002,2021-01-12,2552,17840
nation,Northern Ireland,N92000002,2021-01-11,1339,15288
nation,Northern Ireland,N92000002,2021-01-10,,13949
nation,Scotland,S92000003,2022-02-05,1145,4135751
nation,Scotland,S92000003,2022-02-04,1678,4134606
nation,Scotland,S92000003,2022-02-03,1014,4132928
nation,Scotland,S92000003,2022-02-02,1275,4131914
nation,Scotland,S92000003,2022-02-01,1292,4130639
nation,Scotland,S92000003,2022-01-31,2296,4129347
nation,Scotland,S92000003,2022-01-30,2505,4127051
nation,Scotland,S92000003,2022-01-29,2394,4124546
nation,Scotland,S92000003,2022-01-28,2263,4122152
nation,Scotland,S92000003,2022-01-27,2258,4119889
nation,Scotland,S92000003,2022-01-26,2290,4117631
nation,Scotland,S92000003,2022-01-25,3077,4115341
nation,Scotland,S92000003,2022-01-24,4012,4112264
nation,Scotland,S92000003,2022-01-23,3032,4108252
nation,Scotland,S92000003,2022-01-22,3182,4105220
nation,Scotland,S92000003,2022-01-21,2816,4102038
nation,Scotland,S92000003,2022-01-20,4542,4099222
nation,Scotland,S92000003,2022-01-19,2122,4094680
nation,Scotland,S92000003,2022-01-18,2316,4092558
nation,Scotland,S92000003,2022-01-17,2725,4090242
nation,Scotland,S92000003,2022-01-16,10372,4087517
nation,Scotland,S92000003,2022-01-15,12612,4077145
nation,Scotland,S92000003,2022-01-14,3674,4064533
nation,Scotland,S92000003,2022-01-13,3253,4060859
nation,Scotland,S92000003,2022-01-12,2854,4057606
nation,Scotland,S92000003,2022-01-11,3117,4054752
nation,Scotland,S92000003,2022-01-10,2979,4051635
nation,Scotland,S92000003,2022-01-09,2989,4048656
nation,Scotland,S92000003,2022-01-08,4117,4045667
nation,Scotland,S92000003,2022-01-07,4116,4041550
nation,Scotland,S92000003,2022-01-06,3799,4037434
nation,Scotland,S92000003,2022-01-05,6757,4033635
nation,Scotland,S92000003,2022-01-04,4057,4026878
nation,Scotland,S92000003,2022-01-03,5770,4022821
nation,Scotland,S92000003,2022-01-02,6,4017051
nation,Scotland,S92000003,2022-01-01,2,4017045
nation,Scotland,S92000003,2021-12-31,1667,4017043
nation,Scotland,S92000003,2021-12-30,2886,4015376
nation,Scotland,S92000003,2021-12-29,2604,4012490
nation,Scotland,S92000003,2021-12-28,1664,4009886
nation,Scotland,S92000003,2021-12-27,2146,4008222
nation,Scotland,S92000003,2021-12-26,0,4006076
nation,Scotland,S92000003,2021-12-25,0,4006076
nation,Scotland,S92000003,2021-12-24,0,4006076
nation,Scotland,S92000003,2021-12-23,2699,4006076
nation,Scotland,S92000003,2021-12-22,3206,4003377
nation,Scotland,S92000003,2021-12-21,2979,4000171
nation,Scotland,S92000003,2021-12-20,3550,3997192
nation,Scotland,S92000003,2021-12-19,1763,3993642
nation,Scotland,S92000003,2021-12-18,2918,3991879
nation,Scotland,S92000003,2021-12-17,2656,3988961
nation,Scotland,S92000003,2021-12-16,2330,3986305
nation,Scotland,S92000003,2021-12-15,2795,3983975
nation,Scotland,S92000003,2021-12-14,2972,3981180
nation,Scotland,S92000003,2021-12-13,1538,3978208
nation,Scotland,S92000003,2021-12-12,2909,3976670
nation,Scotland,S92000003,2021-12-11,2273,3973761
nation,Scotland,S92000003,2021-12-10,1994,3971488
nation,Scotland,S92000003,2021-12-09,2017,3969494
nation,Scotland,S92000003,2021-12-08,2040,3967477
nation,Scotland,S92000003,2021-12-07,3234,3965437
nation,Scotland,S92000003,2021-12-06,1522,3962203
nation,Scotland,S92000003,2021-12-05,2519,3960681
nation,Scotland,S92000003,2021-12-04,1443,3958162
nation,Scotland,S92000003,2021-12-03,1727,3956719
nation,Scotland,S92000003,2021-12-02,1822,3954992
nation,Scotland,S92000003,2021-12-01,1806,3953170
nation,Scotland,S92000003,2021-11-30,1628,3951364
nation,Scotland,S92000003,2021-11-29,1253,3949736
nation,Scotland,S92000003,2021-11-28,1969,3948483
nation,Scotland,S92000003,2021-11-27,1063,3946514
nation,Scotland,S92000003,2021-11-26,1226,3945451
nation,Scotland,S92000003,2021-11-25,1298,3944225
nation,Scotland,S92000003,2021-11-24,1212,3942927
nation,Scotland,S92000003,2021-11-23,1401,3941715
nation,Scotland,S92000003,2021-11-22,1186,3940314
nation,Scotland,S92000003,2021-11-21,1179,3939128
nation,Scotland,S92000003,2021-11-20,1355,3937949
nation,Scotland,S92000003,2021-11-19,1499,3936594
nation,Scotland,S92000003,2021-11-18,1602,3935095
nation,Scotland,S92000003,2021-11-17,1784,3933493
nation,Scotland,S92000003,2021-11-16,1392,3931709
nation,Scotland,S92000003,2021-11-15,1305,3930317
nation,Scotland,S92000003,2021-11-14,4142,3929012
nation,Scotland,S92000003,2021-11-13,565,3924870
nation,Scotland,S92000003,2021-11-12,1412,3924305
nation,Scotland,S92000003,2021-11-11,922,3922893
nation,Scotland,S92000003,2021-11-10,1965,3921971
nation,Scotland,S92000003,2021-11-09,1478,3920006
nation,Scotland,S92000003,2021-11-08,1318,3918528
nation,Scotland,S92000003,2021-11-07,2094,3917210
nation,Scotland,S92000003,2021-11-06,719,3915116
nation,Scotland,S92000003,2021-11-05,1879,3914397
nation,Scotland,S92000003,2021-11-04,1413,3912518
nation,Scotland,S92000003,2021-11-03,0,3911105
nation,Scotland,S92000003,2021-11-02,1570,3911823
nation,Scotland,S92000003,2021-11-01,2009,3910253
nation,Scotland,S92000003,2021-10-31,1188,3908244
nation,Scotland,S92000003,2021-10-30,1879,3907056
nation,Scotland,S92000003,2021-10-29,1878,3905177
nation,Scotland,S92000003,2021-10-28,2872,3903299
nation,Scotland,S92000003,2021-10-27,1274,3900427
nation,Scotland,S92000003,2021-10-26,2020,3899153
nation,Scotland,S92000003,2021-10-25,1894,3897133
nation,Scotland,S92000003,2021-10-24,3015,3895239
nation,Scotland,S92000003,2021-10-23,1747,3892224
nation,Scotland,S92000003,2021-10-22,2069,3890477
nation,Scotland,S92000003,2021-10-21,2232,3888408
nation,Scotland,S92000003,2021-10-20,2290,3886176
nation,Scotland,S92000003,2021-10-19,2142,3883886
nation,Scotland,S92000003,2021-10-18,1802,3881744
nation,Scotland,S92000003,2021-10-17,2093,3879942
nation,Scotland,S92000003,2021-10-16,1883,3877849
nation,Scotland,S92000003,2021-10-15,2176,3875966
nation,Scotland,S92000003,2021-10-14,2384,3873790
nation,Scotland,S92000003,2021-10-13,2750,3871406
nation,Scotland,S92000003,2021-10-12,2284,3868656
nation,Scotland,S92000003,2021-10-11,1702,3866372
nation,Scotland,S92000003,2021-10-10,2771,3864670
nation,Scotland,S92000003,2021-10-09,2060,3861899
nation,Scotland,S92000003,2021-10-08,2397,3859839
nation,Scotland,S92000003,2021-10-07,2595,3857442
nation,Scotland,S92000003,2021-10-06,2780,3854847
nation,Scotland,S92000003,2021-10-05,2411,3852067
nation,Scotland,S92000003,2021-10-04,2538,3849656
nation,Scotland,S92000003,2021-10-03,1938,3847118
nation,Scotland,S92000003,2021-10-02,2180,3845180
nation,Scotland,S92000003,2021-10-01,2749,3843000
nation,Scotland,S92000003,2021-09-30,2562,3840251
nation,Scotland,S92000003,2021-09-29,2676,3837689
nation,Scotland,S92000003,2021-09-28,2515,3835013
nation,Scotland,S92000003,2021-09-27,2617,3832498
nation,Scotland,S92000003,2021-09-26,2771,3829881
nation,Scotland,S92000003,2021-09-25,3036,3827110
nation,Scotland,S92000003,2021-09-24,3892,3824074
nation,Scotland,S92000003,2021-09-23,1754,3820182
nation,Scotland,S92000003,2021-09-22,2521,3818428
nation,Scotland,S92000003,2021-09-21,2360,3815907
nation,Scotland,S92000003,2021-09-20,2772,3813547
nation,Scotland,S92000003,2021-09-19,3795,3810775
nation,Scotland,S92000003,2021-09-18,4797,3806980
nation,Scotland,S92000003,2021-09-17,3245,3802183
nation,Scotland,S92000003,2021-09-16,3041,3798938
nation,Scotland,S92000003,2021-09-15,4300,3795897
nation,Scotland,S92000003,2021-09-14,3046,3791597
nation,Scotland,S92000003,2021-09-13,3337,3788551
nation,Scotland,S92000003,2021-09-12,7753,3785214
nation,Scotland,S92000003,2021-09-11,8141,3777461
nation,Scotland,S92000003,2021-09-10,6953,3769320
nation,Scotland,S92000003,2021-09-09,5030,3762367
nation,Scotland,S92000003,2021-09-08,7570,3757337
nation,Scotland,S92000003,2021-09-07,6941,3749767
nation,Scotland,S92000003,2021-09-06,6064,3742826
nation,Scotland,S92000003,2021-09-05,9993,3736762
nation,Scotland,S92000003,2021-09-04,9182,3726769
nation,Scotland,S92000003,2021-09-03,8259,3717587
nation,Scotland,S92000003,2021-09-02,10078,3709328
nation,Scotland,S92000003,2021-09-01,8184,3699250
nation,Scotland,S92000003,2021-08-31,10305,3691066
nation,Scotland,S92000003,2021-08-30,12720,3680761
nation,Scotland,S92000003,2021-08-29,12754,3668041
nation,Scotland,S92000003,2021-08-28,14422,3655287
nation,Scotland,S92000003,2021-08-27,11383,3640865
nation,Scotland,S92000003,2021-08-26,11795,3629482
nation,Scotland,S92000003,2021-08-25,14258,3617687
nation,Scotland,S92000003,2021-08-24,16284,3603429
nation,Scotland,S92000003,2021-08-23,15103,3587145
nation,Scotland,S92000003,2021-08-22,15095,3572042
nation,Scotland,S92000003,2021-08-21,15239,3556947
nation,Scotland,S92000003,2021-08-20,14954,3541708
nation,Scotland,S92000003,2021-08-19,14081,3526754
nation,Scotland,S92000003,2021-08-18,14416,3512673
nation,Scotland,S92000003,2021-08-17,16069,3498257
nation,Scotland,S92000003,2021-08-16,14371,3482188
nation,Scotland,S92000003,2021-08-15,17916,3467817
nation,Scotland,S92000003,2021-08-14,18839,3449901
nation,Scotland,S92000003,2021-08-13,19011,3431062
nation,Scotland,S92000003,2021-08-12,18151,3412051
nation,Scotland,S92000003,2021-08-11,18376,3393900
nation,Scotland,S92000003,2021-08-10,17721,3375524
nation,Scotland,S92000003,2021-08-09,15747,3357803
nation,Scotland,S92000003,2021-08-08,18590,3342056
nation,Scotland,S92000003,2021-08-07,18141,3323466
nation,Scotland,S92000003,2021-08-06,19172,3305325
nation,Scotland,S92000003,2021-08-05,17266,3286153
nation,Scotland,S92000003,2021-08-04,19265,3268887
nation,Scotland,S92000003,2021-08-03,18291,3249622
nation,Scotland,S92000003,2021-08-02,16530,3231331
nation,Scotland,S92000003,2021-08-01,16902,3214801
nation,Scotland,S92000003,2021-07-31,17739,3197899
nation,Scotland,S92000003,2021-07-30,17498,3180160
nation,Scotland,S92000003,2021-07-29,17645,3162662
nation,Scotland,S92000003,2021-07-28,19327,3145017
nation,Scotland,S92000003,2021-07-27,16762,3125690
nation,Scotland,S92000003,2021-07-26,16826,3108928
nation,Scotland,S92000003,2021-07-25,12610,3092102
nation,Scotland,S92000003,2021-07-24,15051,3079492
nation,Scotland,S92000003,2021-07-23,19638,3064441
nation,Scotland,S92000003,2021-07-22,16532,3044803
nation,Scotland,S92000003,2021-07-21,17766,3028271
nation,Scotland,S92000003,2021-07-20,15419,3010505
nation,Scotland,S92000003,2021-07-19,16340,2995086
nation,Scotland,S92000003,2021-07-18,12692,2978746
nation,Scotland,S92000003,2021-07-17,11278,2966054
nation,Scotland,S92000003,2021-07-16,14574,2954776
nation,Scotland,S92000003,2021-07-15,13072,2940202
nation,Scotland,S92000003,2021-07-14,12226,2927130
nation,Scotland,S92000003,2021-07-13,11347,2914904
nation,Scotland,S92000003,2021-07-12,10286,2903557
nation,Scotland,S92000003,2021-07-11,15945,2893271
nation,Scotland,S92000003,2021-07-10,16216,2877326
nation,Scotland,S92000003,2021-07-09,17172,2861110
nation,Scotland,S92000003,2021-07-08,18052,2843938
nation,Scotland,S92000003,2021-07-07,16984,2825886
nation,Scotland,S92000003,2021-07-06,17831,2808902
nation,Scotland,S92000003,2021-07-05,16935,2791071
nation,Scotland,S92000003,2021-07-04,11980,2774136
nation,Scotland,S92000003,2021-07-03,12783,2762156
nation,Scotland,S92000003,2021-07-02,12026,2749373
nation,Scotland,S92000003,2021-07-01,14622,2737347
nation,Scotland,S92000003,2021-06-30,10488,2722725
nation,Scotland,S92000003,2021-06-29,11042,2712237
nation,Scotland,S92000003,2021-06-28,9420,2701195
nation,Scotland,S92000003,2021-06-27,12418,2691775
nation,Scotland,S92000003,2021-06-26,12530,2679357
nation,Scotland,S92000003,2021-06-25,19430,2666827
nation,Scotland,S92000003,2021-06-24,15864,2647397
nation,Scotland,S92000003,2021-06-23,14083,2631533
nation,Scotland,S92000003,2021-06-22,14697,2617450
nation,Scotland,S92000003,2021-06-21,15783,2602753
nation,Scotland,S92000003,2021-06-20,15333,2586970
nation,Scotland,S92000003,2021-06-19,16329,2571637
nation,Scotland,S92000003,2021-06-18,19505,2555308
nation,Scotland,S92000003,2021-06-17,19737,2535803
nation,Scotland,S92000003,2021-06-16,22708,2516066
nation,Scotland,S92000003,2021-06-15,23177,2493358
nation,Scotland,S92000003,2021-06-14,23347,2470181
nation,Scotland,S92000003,2021-06-13,21009,2446834
nation,Scotland,S92000003,2021-06-12,23125,2425825
nation,Scotland,S92000003,2021-06-11,27454,2402700
nation,Scotland,S92000003,2021-06-10,30065,2375246
nation,Scotland,S92000003,2021-06-09,31486,2345181
nation,Scotland,S92000003,2021-06-08,31492,2313695
nation,Scotland,S92000003,2021-06-07,30944,2282203
nation,Scotland,S92000003,2021-06-06,23766,2251259
nation,Scotland,S92000003,2021-06-05,24946,2227493
nation,Scotland,S92000003,2021-06-04,31977,2202547
nation,Scotland,S92000003,2021-06-03,32952,2170570
nation,Scotland,S92000003,2021-06-02,31441,2137618
nation,Scotland,S92000003,2021-06-01,30946,2106177
nation,Scotland,S92000003,2021-05-31,30978,2075231
nation,Scotland,S92000003,2021-05-30,21525,2044253
nation,Scotland,S92000003,2021-05-29,24319,2022728
nation,Scotland,S92000003,2021-05-28,27403,1998409
nation,Scotland,S92000003,2021-05-27,28721,1971006
nation,Scotland,S92000003,2021-05-26,28476,1942285
nation,Scotland,S92000003,2021-05-25,32595,1913809
nation,Scotland,S92000003,2021-05-24,29035,1881214
nation,Scotland,S92000003,2021-05-23,23249,1852179
nation,Scotland,S92000003,2021-05-22,28974,1828930
nation,Scotland,S92000003,2021-05-21,30916,1799956
nation,Scotland,S92000003,2021-05-20,26968,1769040
nation,Scotland,S92000003,2021-05-19,37684,1742072
nation,Scotland,S92000003,2021-05-18,34919,1704388
nation,Scotland,S92000003,2021-05-17,30933,1669469
nation,Scotland,S92000003,2021-05-16,17505,1638536
nation,Scotland,S92000003,2021-05-15,21512,1621031
nation,Scotland,S92000003,2021-05-14,23754,1599519
nation,Scotland,S92000003,2021-05-13,24426,1575765
nation,Scotland,S92000003,2021-05-12,24450,1551339
nation,Scotland,S92000003,2021-05-11,20276,1526889
nation,Scotland,S92000003,2021-05-10,21317,1506613
nation,Scotland,S92000003,2021-05-09,17000,1485296
nation,Scotland,S92000003,2021-05-08,17498,1468296
nation,Scotland,S92000003,2021-05-07,26590,1450798
nation,Scotland,S92000003,2021-05-06,23912,1424208
nation,Scotland,S92000003,2021-05-05,26414,1400296
nation,Scotland,S92000003,2021-05-04,25832,1373882
nation,Scotland,S92000003,2021-05-03,21451,1348050
nation,Scotland,S92000003,2021-05-02,28935,1326599
nation,Scotland,S92000003,2021-05-01,33802,1297664
nation,Scotland,S92000003,2021-04-30,39001,1263862
nation,Scotland,S92000003,2021-04-29,40232,1224861
nation,Scotland,S92000003,2021-04-28,41682,1184629
nation,Scotland,S92000003,2021-04-27,40257,1142947
nation,Scotland,S92000003,2021-04-26,33986,1102690
nation,Scotland,S92000003,2021-04-25,26318,1068704
nation,Scotland,S92000003,2021-04-24,49206,1042386
nation,Scotland,S92000003,2021-04-23,43952,993180
nation,Scotland,S92000003,2021-04-22,50997,949228
nation,Scotland,S92000003,2021-04-21,50576,898231
nation,Scotland,S92000003,2021-04-20,50388,847655
nation,Scotland,S92000003,2021-04-19,40152,797267
nation,Scotland,S92000003,2021-04-18,18695,757115
nation,Scotland,S92000003,2021-04-17,22706,738420
nation,Scotland,S92000003,2021-04-16,26953,715714
nation,Scotland,S92000003,2021-04-15,26786,688761
nation,Scotland,S92000003,2021-04-14,27553,661975
nation,Scotland,S92000003,2021-04-13,29296,634422
nation,Scotland,S92000003,2021-04-12,14952,605126
nation,Scotland,S92000003,2021-04-11,21299,590174
nation,Scotland,S92000003,2021-04-10,17176,568875
nation,Scotland,S92000003,2021-04-09,26887,551699
nation,Scotland,S92000003,2021-04-08,24436,524812
nation,Scotland,S92000003,2021-04-07,21137,500376
nation,Scotland,S92000003,2021-04-06,15459,479239
nation,Scotland,S92000003,2021-04-05,7406,463780
nation,Scotland,S92000003,2021-04-04,5317,456374
nation,Scotland,S92000003,2021-04-03,16116,451057
nation,Scotland,S92000003,2021-04-02,20401,434941
nation,Scotland,S92000003,2021-04-01,15478,414540
nation,Scotland,S92000003,2021-03-31,26958,399062
nation,Scotland,S92000003,2021-03-30,23469,372104
nation,Scotland,S92000003,2021-03-29,16666,348635
nation,Scotland,S92000003,2021-03-28,14752,331969
nation,Scotland,S92000003,2021-03-27,22503,317217
nation,Scotland,S92000003,2021-03-26,14900,294714
nation,Scotland,S92000003,2021-03-25,16578,279814
nation,Scotland,S92000003,2021-03-24,13984,263236
nation,Scotland,S92000003,2021-03-23,13581,249252
nation,Scotland,S92000003,2021-03-22,10575,235671
nation,Scotland,S92000003,2021-03-21,4908,225096
nation,Scotland,S92000003,2021-03-20,8916,220188
nation,Scotland,S92000003,2021-03-19,9837,211272
nation,Scotland,S92000003,2021-03-18,9335,201435
nation,Scotland,S92000003,2021-03-17,10221,192100
nation,Scotland,S92000003,2021-03-16,10987,181879
nation,Scotland,S92000003,2021-03-15,8947,170892
nation,Scotland,S92000003,2021-03-14,1907,161945
nation,Scotland,S92000003,2021-03-13,3788,160038
nation,Scotland,S92000003,2021-03-12,6841,156250
nation,Scotland,S92000003,2021-03-11,7976,149409
nation,Scotland,S92000003,2021-03-10,8673,141433
nation,Scotland,S92000003,2021-03-09,9074,132760
nation,Scotland,S92000003,2021-03-08,4954,123686
nation,Scotland,S92000003,2021-03-07,2802,118732
nation,Scotland,S92000003,2021-03-06,1849,115930
nation,Scotland,S92000003,2021-03-05,5884,114081
nation,Scotland,S92000003,2021-03-04,8139,108197
nation,Scotland,S92000003,2021-03-03,7508,100058
nation,Scotland,S92000003,2021-03-02,8105,92550
nation,Scotland,S92000003,2021-03-01,5580,84445
nation,Scotland,S92000003,2021-02-28,2353,78865
nation,Scotland,S92000003,2021-02-27,4334,76512
nation,Scotland,S92000003,2021-02-26,6838,72178
nation,Scotland,S92000003,2021-02-25,8679,65340
nation,Scotland,S92000003,2021-02-24,6540,56661
nation,Scotland,S92000003,2021-02-23,6918,50121
nation,Scotland,S92000003,2021-02-22,5861,43203
nation,Scotland,S92000003,2021-02-21,1863,37342
nation,Scotland,S92000003,2021-02-20,2006,35479
nation,Scotland,S92000003,2021-02-19,4458,33473
nation,Scotland,S92000003,2021-02-18,4846,29015
nation,Scotland,S92000003,2021-02-17,3760,24169
nation,Scotland,S92000003,2021-02-16,3272,20409
nation,Scotland,S92000003,2021-02-15,2636,17137
nation,Scotland,S92000003,2021-02-14,220,14501
nation,Scotland,S92000003,2021-02-13,272,14281
nation,Scotland,S92000003,2021-02-12,443,14009
nation,Scotland,S92000003,2021-02-11,371,13566
nation,Scotland,S92000003,2021-02-10,329,13195
nation,Scotland,S92000003,2021-02-09,609,12866
nation,Scotland,S92000003,2021-02-08,1567,12257
nation,Scotland,S92000003,2021-02-07,108,10690
nation,Scotland,S92000003,2021-02-06,250,10582
nation,Scotland,S92000003,2021-02-05,803,10332
nation,Scotland,S92000003,2021-02-04,498,9529
nation,Scotland,S92000003,2021-02-03,273,9031
nation,Scotland,S92000003,2021-02-02,413,8758
nation,Scotland,S92000003,2021-02-01,496,8345
nation,Scotland,S92000003,2021-01-31,55,7849
nation,Scotland,S92000003,2021-01-30,156,7794
nation,Scotland,S92000003,2021-01-29,543,7638
nation,Scotland,S92000003,2021-01-28,312,7095
nation,Scotland,S92000003,2021-01-27,187,6783
nation,Scotland,S92000003,2021-01-26,536,6596
nation,Scotland,S92000003,2021-01-25,522,6060
nation,Scotland,S92000003,2021-01-24,155,5538
nation,Scotland,S92000003,2021-01-23,195,5383
nation,Scotland,S92000003,2021-01-22,499,5188
nation,Scotland,S92000003,2021-01-21,223,4689
nation,Scotland,S92000003,2021-01-20,296,4466
nation,Scotland,S92000003,2021-01-19,284,4170
nation,Scotland,S92000003,2021-01-18,188,3886
nation,Scotland,S92000003,2021-01-17,41,3698
nation,Scotland,S92000003,2021-01-16,145,3657
nation,Scotland,S92000003,2021-01-15,181,3512
nation,Scotland,S92000003,2021-01-14,141,3331
nation,Scotland,S92000003,2021-01-13,200,3190
nation,Scotland,S92000003,2021-01-12,133,2990
nation,Scotland,S92000003,2021-01-11,99,2857
nation,Scotland,S92000003,2021-01-10,,2758
nation,Wales,W92000004,2022-02-05,0,2370157
nation,Wales,W92000004,2022-02-04,0,2370157
nation,Wales,W92000004,2022-02-03,625,2370157
nation,Wales,W92000004,2022-02-02,529,2369532
nation,Wales,W92000004,2022-02-01,635,2369003
nation,Wales,W92000004,2022-01-31,842,2368368
nation,Wales,W92000004,2022-01-30,1946,2367526
nation,Wales,W92000004,2022-01-29,2852,2365580
nation,Wales,W92000004,2022-01-28,971,2362728
nation,Wales,W92000004,2022-01-27,715,2361757
nation,Wales,W92000004,2022-01-26,721,2361042
nation,Wales,W92000004,2022-01-25,984,2360321
nation,Wales,W92000004,2022-01-24,1186,2359337
nation,Wales,W92000004,2022-01-23,2659,2358151
nation,Wales,W92000004,2022-01-22,5292,2355492
nation,Wales,W92000004,2022-01-21,722,2350200
nation,Wales,W92000004,2022-01-20,1506,2349478
nation,Wales,W92000004,2022-01-19,1421,2347972
nation,Wales,W92000004,2022-01-18,1470,2346551
nation,Wales,W92000004,2022-01-17,1325,2345081
nation,Wales,W92000004,2022-01-16,2140,2343756
nation,Wales,W92000004,2022-01-15,5729,2341616
nation,Wales,W92000004,2022-01-14,1791,2335887
nation,Wales,W92000004,2022-01-13,1760,2334096
nation,Wales,W92000004,2022-01-12,1972,2332336
nation,Wales,W92000004,2022-01-11,2069,2330364
nation,Wales,W92000004,2022-01-10,1905,2328295
nation,Wales,W92000004,2022-01-09,2226,2326390
nation,Wales,W92000004,2022-01-08,6247,2324164
nation,Wales,W92000004,2022-01-07,3172,2317917
nation,Wales,W92000004,2022-01-06,3461,2314745
nation,Wales,W92000004,2022-01-05,3327,2311284
nation,Wales,W92000004,2022-01-04,3165,2307957
nation,Wales,W92000004,2022-01-03,938,2304792
nation,Wales,W92000004,2022-01-02,592,2303854
nation,Wales,W92000004,2022-01-01,4,2303262
nation,Wales,W92000004,2021-12-31,976,2303258
nation,Wales,W92000004,2021-12-30,970,2302282
nation,Wales,W92000004,2021-12-29,1258,2301312
nation,Wales,W92000004,2021-12-28,812,2300054
nation,Wales,W92000004,2021-12-27,2595,2299242
nation,Wales,W92000004,2021-12-26,0,2296647
nation,Wales,W92000004,2021-12-25,0,2296647
nation,Wales,W92000004,2021-12-24,405,2296647
nation,Wales,W92000004,2021-12-23,1541,2296242
nation,Wales,W92000004,2021-12-22,1771,2294701
nation,Wales,W92000004,2021-12-21,1585,2292930
nation,Wales,W92000004,2021-12-20,1610,2291345
nation,Wales,W92000004,2021-12-19,1395,2289735
nation,Wales,W92000004,2021-12-18,1299,2288340
nation,Wales,W92000004,2021-12-17,1065,2287041
nation,Wales,W92000004,2021-12-16,1191,2285976
nation,Wales,W92000004,2021-12-15,1414,2284785
nation,Wales,W92000004,2021-12-14,951,2283371
nation,Wales,W92000004,2021-12-13,1259,2282420
nation,Wales,W92000004,2021-12-12,1795,2281161
nation,Wales,W92000004,2021-12-11,2111,2279366
nation,Wales,W92000004,2021-12-10,827,2277255
nation,Wales,W92000004,2021-12-09,994,2276428
nation,Wales,W92000004,2021-12-08,1237,2275434
nation,Wales,W92000004,2021-12-07,1041,2274197
nation,Wales,W92000004,2021-12-06,817,2273156
nation,Wales,W92000004,2021-12-05,1560,2272339
nation,Wales,W92000004,2021-12-04,2079,2270779
nation,Wales,W92000004,2021-12-03,866,2268700
nation,Wales,W92000004,2021-12-02,840,2267834
nation,Wales,W92000004,2021-12-01,1218,2266994
nation,Wales,W92000004,2021-11-30,1302,2265776
nation,Wales,W92000004,2021-11-29,934,2264474
nation,Wales,W92000004,2021-11-28,1175,2263540
nation,Wales,W92000004,2021-11-27,1187,2262365
nation,Wales,W92000004,2021-11-26,516,2261178
nation,Wales,W92000004,2021-11-25,624,2260662
nation,Wales,W92000004,2021-11-24,863,2260038
nation,Wales,W92000004,2021-11-23,866,2259175
nation,Wales,W92000004,2021-11-22,620,2258309
nation,Wales,W92000004,2021-11-21,733,2257689
nation,Wales,W92000004,2021-11-20,812,2256956
nation,Wales,W92000004,2021-11-19,683,2256144
nation,Wales,W92000004,2021-11-18,679,2255461
nation,Wales,W92000004,2021-11-17,598,2254782
nation,Wales,W92000004,2021-11-16,689,2254184
nation,Wales,W92000004,2021-11-15,361,2253495
nation,Wales,W92000004,2021-11-14,410,2253134
nation,Wales,W92000004,2021-11-13,657,2252724
nation,Wales,W92000004,2021-11-12,741,2252067
nation,Wales,W92000004,2021-11-11,671,2251326
nation,Wales,W92000004,2021-11-10,721,2250655
nation,Wales,W92000004,2021-11-09,634,2249934
nation,Wales,W92000004,2021-11-08,514,2249300
nation,Wales,W92000004,2021-11-07,514,2248786
nation,Wales,W92000004,2021-11-06,548,2248272
nation,Wales,W92000004,2021-11-05,728,2247724
nation,Wales,W92000004,2021-11-04,655,2246996
nation,Wales,W92000004,2021-11-03,762,2246341
nation,Wales,W92000004,2021-11-02,693,2245579
nation,Wales,W92000004,2021-11-01,610,2244886
nation,Wales,W92000004,2021-10-31,362,2244276
nation,Wales,W92000004,2021-10-30,493,2243914
nation,Wales,W92000004,2021-10-29,553,2243421
nation,Wales,W92000004,2021-10-28,531,2242868
nation,Wales,W92000004,2021-10-27,700,2242337
nation,Wales,W92000004,2021-10-26,677,2241637
nation,Wales,W92000004,2021-10-25,528,2240960
nation,Wales,W92000004,2021-10-24,322,2240432
nation,Wales,W92000004,2021-10-23,439,2240110
nation,Wales,W92000004,2021-10-22,717,2239671
nation,Wales,W92000004,2021-10-21,696,2238954
nation,Wales,W92000004,2021-10-20,1059,2238258
nation,Wales,W92000004,2021-10-19,807,2237199
nation,Wales,W92000004,2021-10-18,669,2236392
nation,Wales,W92000004,2021-10-17,276,2235723
nation,Wales,W92000004,2021-10-16,500,2235447
nation,Wales,W92000004,2021-10-15,1174,2234947
nation,Wales,W92000004,2021-10-14,806,2233773
nation,Wales,W92000004,2021-10-13,1163,2232967
nation,Wales,W92000004,2021-10-12,1130,2231804
nation,Wales,W92000004,2021-10-11,718,2230674
nation,Wales,W92000004,2021-10-10,448,2229956
nation,Wales,W92000004,2021-10-09,722,2229508
nation,Wales,W92000004,2021-10-08,664,2228786
nation,Wales,W92000004,2021-10-07,600,2228122
nation,Wales,W92000004,2021-10-06,814,2227522
nation,Wales,W92000004,2021-10-05,568,2226708
nation,Wales,W92000004,2021-10-04,615,2226140
nation,Wales,W92000004,2021-10-03,864,2225525
nation,Wales,W92000004,2021-10-02,465,2224661
nation,Wales,W92000004,2021-10-01,651,2224196
nation,Wales,W92000004,2021-09-30,715,2223545
nation,Wales,W92000004,2021-09-29,628,2222830
nation,Wales,W92000004,2021-09-28,590,2222202
nation,Wales,W92000004,2021-09-27,850,2221612
nation,Wales,W92000004,2021-09-26,688,2220762
nation,Wales,W92000004,2021-09-25,601,2220074
nation,Wales,W92000004,2021-09-24,958,2219473
nation,Wales,W92000004,2021-09-23,559,2218515
nation,Wales,W92000004,2021-09-22,1044,2217956
nation,Wales,W92000004,2021-09-21,1144,2216912
nation,Wales,W92000004,2021-09-20,1549,2215768
nation,Wales,W92000004,2021-09-19,436,2214219
nation,Wales,W92000004,2021-09-18,1396,2213783
nation,Wales,W92000004,2021-09-17,1352,2212387
nation,Wales,W92000004,2021-09-16,1250,2211035
nation,Wales,W92000004,2021-09-15,1325,2209785
nation,Wales,W92000004,2021-09-14,6067,2208460
nation,Wales,W92000004,2021-09-13,1004,2202393
nation,Wales,W92000004,2021-09-12,829,2201389
nation,Wales,W92000004,2021-09-11,1624,2200560
nation,Wales,W92000004,2021-09-10,1979,2198936
nation,Wales,W92000004,2021-09-09,1540,2196957
nation,Wales,W92000004,2021-09-08,1342,2195417
nation,Wales,W92000004,2021-09-07,1734,2194075
nation,Wales,W92000004,2021-09-06,896,2192341
nation,Wales,W92000004,2021-09-05,1044,2191445
nation,Wales,W92000004,2021-09-04,1397,2190401
nation,Wales,W92000004,2021-09-03,2300,2189004
nation,Wales,W92000004,2021-09-02,3048,2186704
nation,Wales,W92000004,2021-09-01,1355,2183656
nation,Wales,W92000004,2021-08-31,1965,2182301
nation,Wales,W92000004,2021-08-30,114,2180336
nation,Wales,W92000004,2021-08-29,569,2180222
nation,Wales,W92000004,2021-08-28,1508,2179653
nation,Wales,W92000004,2021-08-27,3208,2178145
nation,Wales,W92000004,2021-08-26,3438,2174937
nation,Wales,W92000004,2021-08-25,2141,2171499
nation,Wales,W92000004,2021-08-24,2789,2169358
nation,Wales,W92000004,2021-08-23,1450,2166569
nation,Wales,W92000004,2021-08-22,2701,2165119
nation,Wales,W92000004,2021-08-21,2821,2162418
nation,Wales,W92000004,2021-08-20,2944,2159597
nation,Wales,W92000004,2021-08-19,3136,2156653
nation,Wales,W92000004,2021-08-18,3376,2153517
nation,Wales,W92000004,2021-08-17,3750,2150141
nation,Wales,W92000004,2021-08-16,2272,2146391
nation,Wales,W92000004,2021-08-15,3080,2144119
nation,Wales,W92000004,2021-08-14,4290,2141039
nation,Wales,W92000004,2021-08-13,4633,2136749
nation,Wales,W92000004,2021-08-12,4195,2132116
nation,Wales,W92000004,2021-08-11,4762,2127921
nation,Wales,W92000004,2021-08-10,4452,2123159
nation,Wales,W92000004,2021-08-09,3230,2118707
nation,Wales,W92000004,2021-08-08,4189,2115477
nation,Wales,W92000004,2021-08-07,6135,2111288
nation,Wales,W92000004,2021-08-06,5529,2105153
nation,Wales,W92000004,2021-08-05,7521,2099624
nation,Wales,W92000004,2021-08-04,8760,2092103
nation,Wales,W92000004,2021-08-03,9347,2083343
nation,Wales,W92000004,2021-08-02,7554,2073996
nation,Wales,W92000004,2021-08-01,4040,2066442
nation,Wales,W92000004,2021-07-31,7806,2062402
nation,Wales,W92000004,2021-07-30,6980,2054596
nation,Wales,W92000004,2021-07-29,10946,2047616
nation,Wales,W92000004,2021-07-28,12937,2036670
nation,Wales,W92000004,2021-07-27,10605,2023733
nation,Wales,W92000004,2021-07-26,10966,2013128
nation,Wales,W92000004,2021-07-25,8346,2002162
nation,Wales,W92000004,2021-07-24,8769,1993816
nation,Wales,W92000004,2021-07-23,11851,1985047
nation,Wales,W92000004,2021-07-22,13555,1973196
nation,Wales,W92000004,2021-07-21,13115,1959641
nation,Wales,W92000004,2021-07-20,12862,1946526
nation,Wales,W92000004,2021-07-19,8580,1933664
nation,Wales,W92000004,2021-07-18,6739,1925084
nation,Wales,W92000004,2021-07-17,12925,1918345
nation,Wales,W92000004,2021-07-16,13338,1905420
nation,Wales,W92000004,2021-07-15,15373,1892082
nation,Wales,W92000004,2021-07-14,15009,1876709
nation,Wales,W92000004,2021-07-13,15657,1861700
nation,Wales,W92000004,2021-07-12,13493,1846043
nation,Wales,W92000004,2021-07-11,7383,1832550
nation,Wales,W92000004,2021-07-10,14971,1825167
nation,Wales,W92000004,2021-07-09,11936,1810196
nation,Wales,W92000004,2021-07-08,15181,1798260
nation,Wales,W92000004,2021-07-07,18439,1783079
nation,Wales,W92000004,2021-07-06,18504,1764640
nation,Wales,W92000004,2021-07-05,15504,1746136
nation,Wales,W92000004,2021-07-04,6808,1730632
nation,Wales,W92000004,2021-07-03,11290,1723824
nation,Wales,W92000004,2021-07-02,16715,1712534
nation,Wales,W92000004,2021-07-01,18081,1695819
nation,Wales,W92000004,2021-06-30,17984,1677738
nation,Wales,W92000004,2021-06-29,16966,1659754
nation,Wales,W92000004,2021-06-28,15546,1642788
nation,Wales,W92000004,2021-06-27,8766,1627242
nation,Wales,W92000004,2021-06-26,10691,1618476
nation,Wales,W92000004,2021-06-25,16463,1607785
nation,Wales,W92000004,2021-06-24,19612,1591322
nation,Wales,W92000004,2021-06-23,18619,1571710
nation,Wales,W92000004,2021-06-22,18718,1553091
nation,Wales,W92000004,2021-06-21,16769,1534373
nation,Wales,W92000004,2021-06-20,8460,1517604
nation,Wales,W92000004,2021-06-19,18398,1509144
nation,Wales,W92000004,2021-06-18,16819,1490746
nation,Wales,W92000004,2021-06-17,19863,1473927
nation,Wales,W92000004,2021-06-16,21863,1454064
nation,Wales,W92000004,2021-06-15,21277,1432201
nation,Wales,W92000004,2021-06-14,26251,1410924
nation,Wales,W92000004,2021-06-13,6663,1384673
nation,Wales,W92000004,2021-06-12,19852,1378010
nation,Wales,W92000004,2021-06-11,21679,1358158
nation,Wales,W92000004,2021-06-10,22111,1336479
nation,Wales,W92000004,2021-06-09,22669,1314368
nation,Wales,W92000004,2021-06-08,21093,1291699
nation,Wales,W92000004,2021-06-07,21338,1270606
nation,Wales,W92000004,2021-06-06,12145,1249268
nation,Wales,W92000004,2021-06-05,28524,1237123
nation,Wales,W92000004,2021-06-04,27340,1208599
nation,Wales,W92000004,2021-06-03,23355,1181259
nation,Wales,W92000004,2021-06-02,19792,1157904
nation,Wales,W92000004,2021-06-01,19716,1138112
nation,Wales,W92000004,2021-05-31,4427,1118396
nation,Wales,W92000004,2021-05-30,2040,1113969
nation,Wales,W92000004,2021-05-29,9180,1111929
nation,Wales,W92000004,2021-05-28,21587,1102749
nation,Wales,W92000004,2021-05-27,22698,1081162
nation,Wales,W92000004,2021-05-26,20715,1058464
nation,Wales,W92000004,2021-05-25,18519,1037749
nation,Wales,W92000004,2021-05-24,15548,1019230
nation,Wales,W92000004,2021-05-23,2976,1003682
nation,Wales,W92000004,2021-05-22,16055,1000706
nation,Wales,W92000004,2021-05-21,14969,984651
nation,Wales,W92000004,2021-05-20,17214,969682
nation,Wales,W92000004,2021-05-19,13396,952468
nation,Wales,W92000004,2021-05-18,11857,939072
nation,Wales,W92000004,2021-05-17,9784,927215
nation,Wales,W92000004,2021-05-16,1757,917431
nation,Wales,W92000004,2021-05-15,9814,915674
nation,Wales,W92000004,2021-05-14,14291,905860
nation,Wales,W92000004,2021-05-13,13813,891569
nation,Wales,W92000004,2021-05-12,14287,877756
nation,Wales,W92000004,2021-05-11,9028,863469
nation,Wales,W92000004,2021-05-10,8261,854441
nation,Wales,W92000004,2021-05-09,4133,846180
nation,Wales,W92000004,2021-05-08,10898,842047
nation,Wales,W92000004,2021-05-07,16106,831149
nation,Wales,W92000004,2021-05-06,16118,815043
nation,Wales,W92000004,2021-05-05,15805,798925
nation,Wales,W92000004,2021-05-04,10593,783120
nation,Wales,W92000004,2021-05-03,1249,772527
nation,Wales,W92000004,2021-05-02,1559,771278
nation,Wales,W92000004,2021-05-01,4690,769719
nation,Wales,W92000004,2021-04-30,16329,765029
nation,Wales,W92000004,2021-04-29,16057,748700
nation,Wales,W92000004,2021-04-28,17218,732643
nation,Wales,W92000004,2021-04-27,14326,715425
nation,Wales,W92000004,2021-04-26,11565,701099
nation,Wales,W92000004,2021-04-25,2485,689534
nation,Wales,W92000004,2021-04-24,16636,687049
nation,Wales,W92000004,2021-04-23,16876,670413
nation,Wales,W92000004,2021-04-22,17882,653537
nation,Wales,W92000004,2021-04-21,13142,635655
nation,Wales,W92000004,2021-04-20,11631,622513
nation,Wales,W92000004,2021-04-19,8075,610882
nation,Wales,W92000004,2021-04-18,1349,602807
nation,Wales,W92000004,2021-04-17,12625,601458
nation,Wales,W92000004,2021-04-16,14243,588833
nation,Wales,W92000004,2021-04-15,14702,574590
nation,Wales,W92000004,2021-04-14,10695,559888
nation,Wales,W92000004,2021-04-13,11998,549193
nation,Wales,W92000004,2021-04-12,8996,537195
nation,Wales,W92000004,2021-04-11,3022,528199
nation,Wales,W92000004,2021-04-10,15699,525177
nation,Wales,W92000004,2021-04-09,11160,509478
nation,Wales,W92000004,2021-04-08,13579,498318
nation,Wales,W92000004,2021-04-07,9169,484739
nation,Wales,W92000004,2021-04-06,6319,475570
nation,Wales,W92000004,2021-04-05,1568,469251
nation,Wales,W92000004,2021-04-04,1565,467683
nation,Wales,W92000004,2021-04-03,2673,466118
nation,Wales,W92000004,2021-04-02,3668,463445
nation,Wales,W92000004,2021-04-01,10239,459777
nation,Wales,W92000004,2021-03-31,11601,449538
nation,Wales,W92000004,2021-03-30,13921,437937
nation,Wales,W92000004,2021-03-29,7154,424016
nation,Wales,W92000004,2021-03-28,4199,416862
nation,Wales,W92000004,2021-03-27,11920,412663
nation,Wales,W92000004,2021-03-26,11080,400743
nation,Wales,W92000004,2021-03-25,10868,389663
nation,Wales,W92000004,2021-03-24,11992,378795
nation,Wales,W92000004,2021-03-23,13456,366803
nation,Wales,W92000004,2021-03-22,7289,353347
nation,Wales,W92000004,2021-03-21,7099,346058
nation,Wales,W92000004,2021-03-20,9429,338959
nation,Wales,W92000004,2021-03-19,10554,329530
nation,Wales,W92000004,2021-03-18,14565,318976
nation,Wales,W92000004,2021-03-17,15226,304411
nation,Wales,W92000004,2021-03-16,16202,289185
nation,Wales,W92000004,2021-03-15,8728,272983
nation,Wales,W92000004,2021-03-14,6857,264255
nation,Wales,W92000004,2021-03-13,7372,257398
nation,Wales,W92000004,2021-03-12,12669,250026
nation,Wales,W92000004,2021-03-11,15455,237357
nation,Wales,W92000004,2021-03-10,15508,221902
nation,Wales,W92000004,2021-03-09,14364,206394
nation,Wales,W92000004,2021-03-08,8291,192030
nation,Wales,W92000004,2021-03-07,7685,183739
nation,Wales,W92000004,2021-03-06,7891,176054
nation,Wales,W92000004,2021-03-05,13344,168163
nation,Wales,W92000004,2021-03-04,15374,154819
nation,Wales,W92000004,2021-03-03,14664,139445
nation,Wales,W92000004,2021-03-02,13065,124781
nation,Wales,W92000004,2021-03-01,7897,111716
nation,Wales,W92000004,2021-02-28,7411,103819
nation,Wales,W92000004,2021-02-27,7355,96408
nation,Wales,W92000004,2021-02-26,8991,89053
nation,Wales,W92000004,2021-02-25,10211,80062
nation,Wales,W92000004,2021-02-24,10572,69851
nation,Wales,W92000004,2021-02-23,9550,59279
nation,Wales,W92000004,2021-02-22,6977,49729
nation,Wales,W92000004,2021-02-21,4979,42752
nation,Wales,W92000004,2021-02-20,5771,37773
nation,Wales,W92000004,2021-02-19,6569,32002
nation,Wales,W92000004,2021-02-18,6091,25433
nation,Wales,W92000004,2021-02-17,6354,19342
nation,Wales,W92000004,2021-02-16,5737,12988
nation,Wales,W92000004,2021-02-15,1849,7251
nation,Wales,W92000004,2021-02-14,829,5402
nation,Wales,W92000004,2021-02-13,349,4573
nation,Wales,W92000004,2021-02-12,214,4224
nation,Wales,W92000004,2021-02-11,215,4010
nation,Wales,W92000004,2021-02-10,108,3795
nation,Wales,W92000004,2021-02-09,196,3687
nation,Wales,W92000004,2021-02-08,699,3491
nation,Wales,W92000004,2021-02-07,186,2792
nation,Wales,W92000004,2021-02-06,135,2606
nation,Wales,W92000004,2021-02-05,836,2471
nation,Wales,W92000004,2021-02-04,419,1635
nation,Wales,W92000004,2021-02-03,56,1216
nation,Wales,W92000004,2021-02-02,94,1160
nation,Wales,W92000004,2021-02-01,225,1066
nation,Wales,W92000004,2021-01-31,55,841
nation,Wales,W92000004,2021-01-30,36,786
nation,Wales,W92000004,2021-01-29,33,750
nation,Wales,W92000004,2021-01-28,43,717
nation,Wales,W92000004,2021-01-27,35,674
nation,Wales,W92000004,2021-01-26,58,639
nation,Wales,W92000004,2021-01-25,38,581
nation,Wales,W92000004,2021-01-24,27,543
nation,Wales,W92000004,2021-01-23,47,516
nation,Wales,W92000004,2021-01-22,54,469
nation,Wales,W92000004,2021-01-21,19,415
nation,Wales,W92000004,2021-01-20,26,396
nation,Wales,W92000004,2021-01-19,105,370
nation,Wales,W92000004,2021-01-18,64,265
nation,Wales,W92000004,2021-01-17,72,201
nation,Wales,W92000004,2021-01-16,0,129
nation,Wales,W92000004,2021-01-15,0,129
nation,Wales,W92000004,2021-01-14,8,129
nation,Wales,W92000004,2021-01-13,13,121
nation,Wales,W92000004,2021-01-12,11,108
nation,Wales,W92000004,2021-01-11,18,97
nation,Wales,W92000004,2021-01-10,,79
