,Country,Date,Estimate,N,Datex
0,Australia,2020-11-01,0.07,1387,2020-11-10
1,Australia,2020-11-01,0.04,1303,2020-11-3
2,Australia,2020-11-01,0.06,1301,2020-11-10
3,Australia,2020-11-01,-0.01,1368,2020-11-2
4,Belgium,2020-06-01,-0.16,3470,2020-06-16
5,Belgium,2020-06-01,-0.2,3655,2020-06-15
6,Belgium,2021-06-01,-0.14,4535,2021-06-13
7,Belgium,2021-06-01,-0.3,4534,2021-06-4
8,Brazil,2020-11-01,-0.267,10884922,2020-11-11
9,Brazil,2020-11-01,-0.355,10884922,2020-11-1
10,Denmark,2021-05-01,0.0876556,325220,2021-05-1
11,Denmark,2021-05-01,-0.01022228,160626,2021-05-1
12,Denmark,2021-05-01,0.0815426,319869,2021-05-12
13,Denmark,2021-05-01,-0.01274145,151585,2021-05-1
14,Denmark,2021-05-01,0.02045306,267523,2021-05-15
15,Denmark,2021-05-01,0.0506235,320524,2021-05-8
16,Denmark,2021-05-01,-0.04523269,302354,2021-05-6
17,Germany,2020-09-01,-0.07121467,331672,2020-09-16
18,Germany,2020-09-01,-0.02111111,27806,2020-09-6
19,Germany,2020-09-01,0.0,27402,2020-09-16
20,Germany,2020-09-01,-0.0664334,331659,2020-09-3
21,Germany,2020-09-01,0.05277778,27806,2020-09-19
22,Germany,2020-09-01,-0.0305,27402,2020-09-14
23,Italy,2020-10-01,-0.232,948,2020-10-9
24,Mexico,2021-03-01,-0.386075,3093,2021-03-5
25,Mexico,2021-03-01,-0.701675,3093,2021-03-2
26,Netherlands,2020-06-01,-0.25472062,293,2020-06-15
27,Netherlands,2020-06-01,-0.24164524,318,2020-06-14
28,Netherlands,2020-06-01,-0.04816914,76397,2020-06-9
29,Netherlands,2020-06-01,-0.26430698,275,2020-06-20
30,Netherlands,2020-06-01,0.21703399,275,2020-06-17
31,Netherlands,2020-06-01,-0.06608301,48537,2020-06-17
32,Netherlands,2020-06-01,-0.19560595,293,2020-06-20
33,Netherlands,2020-06-01,-0.0532177,92180,2020-06-17
34,Netherlands,2020-06-01,-0.07231188,93417,2020-06-9
35,Netherlands,2020-06-01,-0.08052742,68412,2020-06-18
36,Netherlands,2020-06-01,-0.05601556,73263,2020-06-6
37,Netherlands,2020-06-01,-0.08459861,79016,2020-06-2
38,Netherlands,2020-06-01,-0.0978872,93769,2020-06-15
39,Netherlands,2020-06-01,-0.58506889,318,2020-06-10
40,Netherlands,2021-03-01,-0.124,450602,2021-03-11
41,Netherlands,2021-03-01,-0.171,425461,2021-03-4
42,South Africa,2020-12-01,-0.63906266,4761,2020-12-1
43,South Africa,2021-03-01,-0.65356391,1001,2021-03-8
44,Switzerland,2020-05-01,-0.1102,13134,2020-05-15
45,Switzerland,2020-05-01,-0.0306,15551,2020-05-4
46,United Kingdom,2020-09-01,-0.09,228355,2020-09-6
47,United Kingdom,2020-09-01,-0.05,107274,2020-09-11
48,United Kingdom,2020-09-01,-0.21,14551,2020-09-4
49,United Kingdom,2020-10-01,-0.53025,83333,2020-10-13
50,United Kingdom,2020-10-01,-0.7374,83333,2020-10-13
51,United Kingdom,2020-10-01,-0.67944,83333,2020-10-17
52,United Kingdom,2020-10-01,-0.603975,83333,2020-10-10
53,United Kingdom,2020-10-01,-0.2697,83333,2020-10-1
54,United Kingdom,2020-10-01,-0.44,175763,2020-10-1
55,United Kingdom,2020-10-01,-0.03333333,79944,2020-10-4
56,United Kingdom,2020-10-01,-0.41194286,83333,2020-10-19
57,United Kingdom,2020-10-01,-0.44395714,83333,2020-10-10
58,United Kingdom,2020-10-01,-0.2523,83333,2020-10-5
59,United Kingdom,2020-10-01,-0.12666667,79944,2020-10-1
60,United Kingdom,2020-10-01,-0.62079231,83333,2020-10-20
61,United Kingdom,2020-10-01,-0.26666667,175763,2020-10-3
62,United Kingdom,2020-10-01,-0.5630625,83333,2020-10-20
63,United Kingdom,2020-11-01,-0.06,112971,2020-11-15
64,United Kingdom,2020-11-01,-0.185,8870,2020-11-20
65,United Kingdom,2020-11-01,-0.15053763,8382,2020-11-8
66,United Kingdom,2020-11-01,-0.16301546,8339,2020-11-11
67,United Kingdom,2020-11-01,-0.21,13475,2020-11-7
68,United Kingdom,2020-12-01,-0.01,83333,2020-12-18
69,United Kingdom,2020-12-01,-0.14,83333,2020-12-18
70,United Kingdom,2020-12-01,-0.09,83333,2020-12-12
71,United Kingdom,2020-12-01,-0.09,83333,2020-12-7
72,United Kingdom,2020-12-01,-0.01,83333,2020-12-12
73,United Kingdom,2020-12-01,0.01,83333,2020-12-20
74,United Kingdom,2020-12-01,-0.02,83333,2020-12-7
75,United Kingdom,2020-12-01,-0.06,83333,2020-12-11
76,United Kingdom,2020-12-01,-0.04,83333,2020-12-5
77,United Kingdom,2020-12-01,-0.09,83333,2020-12-18
78,United Kingdom,2020-12-01,-0.07,83333,2020-12-18
79,United Kingdom,2020-12-01,-0.05,83333,2020-12-5
80,United Kingdom,2021-03-01,-0.13,50000,2021-03-7
81,United Kingdom,2021-03-01,-0.21,50000,2021-03-4
82,United Kingdom,2021-03-01,-0.13,50000,2021-03-2
83,United Kingdom,2021-03-01,-0.17,50000,2021-03-16
84,United Kingdom,2021-03-01,-0.12417871,7546,2021-03-8
85,United Kingdom,2021-03-01,-0.21708861,8429,2021-03-8
86,United Kingdom,2021-03-01,-0.19,50000,2021-03-10
87,United Kingdom,2021-03-01,-0.19614591,7260,2021-03-16
88,United Kingdom,2021-03-01,-0.23,11764,2021-03-20
89,United Kingdom,2021-03-01,-0.21,50000,2021-03-6
90,United Kingdom,2021-03-01,-0.22,50000,2021-03-8
91,United Kingdom,2021-03-01,-0.20493359,7427,2021-03-10
92,United Kingdom,2021-03-01,-0.2,50000,2021-03-13
93,United Kingdom,2021-03-01,-0.18,50000,2021-03-15
94,United Kingdom,2021-03-01,-0.11,165207,2021-03-5
95,United Kingdom,2021-03-01,-0.26,50000,2021-03-3
96,United Kingdom,2021-03-01,-0.3,50000,2021-03-18
97,United Kingdom,2021-03-01,-0.11,50000,2021-03-17
98,United Kingdom,2021-07-01,-0.02,83333,2021-07-5
99,United Kingdom,2021-07-01,-0.18,83333,2021-07-9
100,United Kingdom,2021-07-01,-0.18,83333,2021-07-17
101,United Kingdom,2021-07-01,-0.05,83333,2021-07-17
102,United Kingdom,2021-07-01,-0.05,83333,2021-07-9
103,United Kingdom,2021-07-01,-0.08,83333,2021-07-9
104,United Kingdom,2021-07-01,-0.21,83333,2021-07-10
105,United Kingdom,2021-07-01,-0.15,83333,2021-07-2
106,United Kingdom,2021-07-01,-0.13,83333,2021-07-5
107,United Kingdom,2021-07-01,-0.05,83333,2021-07-10
108,United Kingdom,2021-07-01,-0.11,83333,2021-07-15
109,United Kingdom,2021-07-01,-0.23,83333,2021-07-19
110,United States,2020-06-01,-0.20726949,8058,2020-06-17
111,United States,2020-06-01,-0.14270191,8029,2020-06-3
112,United States,2020-06-01,-0.19396625,8985,2020-06-7
113,United States,2020-06-01,0.02021202,7209,2020-06-12
114,United States,2020-09-01,-0.2,7790,2020-09-8
115,United States,2020-09-01,-0.06,7201,2020-09-16
116,United States,2020-09-01,-0.05,3258,2020-09-12
117,United States,2020-09-01,-0.07,7097,2020-09-3
118,United States,2020-09-01,-0.2,7658,2020-09-1
119,United States,2020-09-01,-0.07,7561,2020-09-6
120,United States,2020-09-01,-0.19,7427,2020-09-17
121,United States,2020-09-01,-0.4,1344,2020-09-1
122,United States,2020-09-01,-0.12,8302,2020-09-9
123,United States,2020-09-01,-0.17,3398,2020-09-14
124,United States,2020-09-01,-0.08,1153,2020-09-5
125,United States,2020-09-01,-0.25,7668,2020-09-14
126,United States,2020-09-01,-0.016,8233,2020-09-7
127,United States,2020-09-01,-0.12,7401,2020-09-5
128,United States,2020-10-01,-0.14431818,804559,2020-10-6
129,United States,2020-10-01,-0.13977273,727911,2020-10-9
130,United States,2020-10-01,-0.22045455,868380,2020-10-6
131,United States,2020-10-01,-0.228,219545,2020-10-16
132,United States,2020-10-01,-0.12,40000,2020-10-1
133,United States,2020-10-01,-0.06,40000,2020-10-7
134,United States,2020-10-01,-0.11,40000,2020-10-14
135,United States,2020-10-01,0.01704545,645438,2020-10-3
136,United States,2020-10-01,-0.16,40000,2020-10-16
137,United States,2020-10-01,-0.15,40000,2020-10-19
138,United States,2020-10-01,-0.13,40000,2020-10-17
139,United States,2020-10-01,-0.025,756543,2020-10-20
140,United States,2020-10-01,-0.13,40000,2020-10-8
141,United States,2020-10-01,-0.21,40000,2020-10-19
142,United States,2020-10-01,-0.11,40000,2020-10-6
143,United States,2020-10-01,-0.15,40000,2020-10-6
144,United States,2020-10-01,-0.15,40000,2020-10-6
145,United States,2020-10-01,-0.22,40000,2020-10-15
146,United States,2020-10-01,0.0,753828,2020-10-9
147,United States,2020-10-01,-0.07,40000,2020-10-2
148,United States,2020-10-01,-0.22159091,833210,2020-10-16
149,United States,2020-10-01,-0.08,40000,2020-10-8
150,United States,2020-10-01,-0.13068182,781663,2020-10-18
151,United States,2020-10-01,-0.25227273,846170,2020-10-11
152,United States,2020-10-01,-0.12,40000,2020-10-18
153,United States,2020-10-01,0.00113636,674967,2020-10-1
154,United States,2020-10-01,0.0125,652179,2020-10-11
155,United States,2020-10-01,-0.03977273,743697,2020-10-6
156,United States,2020-10-01,-0.24,40000,2020-10-19
157,United States,2020-12-01,-0.04332366,12827,2020-12-2
158,United States,2020-12-01,-0.05169424,12198,2020-12-18
159,United States,2020-12-01,0.00578115,11258,2020-12-5
160,United States,2020-12-01,-0.04051166,13258,2020-12-10
161,United States,2021-01-01,-0.18782609,1232,2021-01-3
162,United States,2021-01-01,0.01932859,1257,2021-01-13
163,United States,2021-01-01,-0.31989796,19051,2021-01-20
164,United States,2021-01-01,-0.10102041,8711,2021-01-9
165,United States,2021-01-01,-0.16869565,1232,2021-01-11
166,United States,2021-01-01,-0.43234995,1257,2021-01-13
167,United States,2021-01-01,0.00869565,1232,2021-01-10
168,United States,2021-01-01,-0.13048469,4135,2021-01-18
169,United States,2021-01-01,-0.20204082,15433,2021-01-13
170,United States,2021-01-01,-0.04478261,1232,2021-01-5
171,United States,2021-01-01,-0.0505102,3333,2021-01-6
172,United States,2021-01-01,-0.01683673,15731,2021-01-5
173,United States,2021-01-01,-0.12817904,1257,2021-01-10
174,United States,2021-01-01,-0.21045918,2863,2021-01-6
175,United States,2021-01-01,-0.20625,986,2021-01-8
176,United States,2021-01-01,-0.07997449,8392,2021-01-7
177,United States,2021-01-01,-0.21045918,9901,2021-01-18
178,United States,2021-01-01,-0.19783163,17444,2021-01-9
179,United States,2021-01-01,-0.18520408,4356,2021-01-10
180,United States,2021-01-01,-0.24834184,18323,2021-01-20
181,United States,2021-01-01,-0.20204082,11769,2021-01-4
182,United States,2021-01-01,-0.15695652,1232,2021-01-8
183,United States,2021-01-01,0.16836735,6273,2021-01-17
184,United States,2021-01-01,-0.00508647,1257,2021-01-15
185,United States,2021-01-01,-0.2567602,19155,2021-01-19
186,United States,2021-01-01,-0.12614446,1257,2021-01-13
187,United States,2021-01-01,-0.00841837,15522,2021-01-2
188,United States,2021-01-01,-0.14311224,16914,2021-01-9
189,United States,2021-01-01,-0.23906409,1257,2021-01-11
190,United States,2021-01-01,-0.1557398,11375,2021-01-3
191,United States,2021-01-01,-0.06347826,1232,2021-01-12
192,United States,2021-01-01,-0.29043367,1700,2021-01-3
193,United States,2021-01-01,-0.21466837,18396,2021-01-11
194,United States,2021-01-01,-0.22729592,2841,2021-01-12
195,United States,2021-01-01,-0.26938776,16180,2021-01-12
196,United States,2021-01-01,0.01262755,5438,2021-01-10
197,United States,2021-01-01,0.33252551,1017,2021-01-11
198,United States,2021-03-01,-0.15661895,17584,2021-03-5
199,United States,2021-03-01,-0.09941026,20449,2021-03-7
200,United States,2021-03-01,-0.05499823,14760,2021-03-16
201,United States,2021-03-01,-0.0404923,20092,2021-03-4
202,United States,2021-04-01,-0.2843241,292129,2021-04-7
203,United States,2021-04-01,-0.3069384,368571,2021-04-16
204,United States,2021-04-01,-0.3198526,353088,2021-04-1
205,United States,2021-04-01,-0.3349878,366668,2021-04-2
206,United States,2021-04-01,-0.3535943,369737,2021-04-11
207,United States,2021-04-01,-0.1757102,369737,2021-04-14
208,United States,2021-04-01,-0.1483842,368858,2021-04-14
209,United States,2021-04-01,-0.0780754,370938,2021-04-6
210,United States,2021-04-01,-0.1459625,366668,2021-04-14
211,United States,2021-05-01,-0.11228092,976167,2021-05-5
212,United States,2021-05-01,-0.26515695,1044128,2021-05-13
213,United States,2021-05-01,-0.21630304,1043557,2021-05-8
214,United States,2021-05-01,-0.20086359,921863,2021-05-6
215,United States,2021-05-01,-0.21078607,893683,2021-05-3
216,United States,2021-05-01,-0.12558514,926225,2021-05-2
217,United States,2021-05-01,-0.19969207,962497,2021-05-14
218,United States,2021-05-01,-0.15644494,865271,2021-05-18
219,United States,2021-05-01,-0.1986496,844836,2021-05-9
220,United States,2021-05-01,-0.1906316,1042827,2021-05-2
221,United States,2021-05-01,-0.22295054,975208,2021-05-4
222,United States,2021-05-01,-0.28713722,996393,2021-05-13
223,United States,2021-10-01,-0.09,1115790,2021-10-8
224,United States,2021-10-01,-0.16,1174282,2021-10-19
225,United States,2021-10-01,-0.1,1164907,2021-10-2
226,United States,2021-10-01,-0.25,1360231,2021-10-4
227,United States,2021-10-01,-0.11,1170893,2021-10-19
228,United States,2021-10-01,-0.23,1351964,2021-10-19
229,United States,2021-10-01,-0.15,1170196,2021-10-13
230,United States,2021-10-01,-0.17,1205298,2021-10-7
231,United States,2021-10-01,-0.26,1334166,2021-10-6
232,United States,2021-10-01,-0.26,1255485,2021-10-11
233,United States,2021-10-01,-0.22,1354287,2021-10-17
234,United States,2021-10-01,-0.24,1320981,2021-10-20
